Handle,Max Rating
Benq,3833
jiangly,3859
Radewoosh,3752
orzdevinwang,3697
cnnfls_csy,3691
tourist,3979
ecnerwala,3668
amiya,3681
Geothermal,3366
Petr,3597
Um_nik,3663
zh0ukangyang,3423
ko_osaga,3500
heno239,3385
maroonrk,3650
Ormlis,3410
p_b_p_b,3137
maspy,3177
244mhq,3278
hos.lyric,3315
isaf27,3143
fsy_jiaxun_when,3075
flowerletter,3069
Qingyu,3065
yosupo,3369
QAQAutoMaton,3428
gamegame,3339
kotatsugame,3095
sjcsjcsjc,3011
998batrr,3020
turmax,3200
Kubic,3004
neal,3147
youbot,3001
gisp_zjz,3213
dlalswp25,2993
Maksim1744,3376
Endagorion,3313
ChemicalEquilibrium,2975
20333333333,2970
353cerega,3048
noimi,3353
K-H,2962
TLEwpdus,3036
ainta,3318
Chtholly-Nota-Seniorious,2945
ugly2333,3264
antontrygubO_o,3095
hank55663,3064
Merkurev,3148
hehezhoutxdy,2913
peti1234,3093
SSRS_,3181
Crystally,2953
MagicSpark,2900
jiangly_fan,3069
Swistakk,3105
dXqwq,2889
alireza_kaviani,2898
FastFreeTask,2927
ksun48,3654
Alex_Wei,2998
DoorhandleMahoushoujo,2921
Vercingetorix,3213
The_Noble_Brahman_Bison,2866
potato167,3029
ttklwxx,2896
PinkieRabbit,2954
Rubikun,3033
A_G,3279
Amoo_Safar,2982
feecIe6418,2987
dl720125,2944
EternalAlexander,2834
yuto1115,3043
sansen,2828
xukai,2827
A.K.E.E.,2948
Golovanov399,3303
QwertyPi,2839
qiuzx,2820
Melusine,2813
i_will_be_less_than_blue,2855
E869120,2909
275307894a,2833
Sol1,2865
tute7627,3044
Egor,3235
fengqiyuka,2771
tokusakurai,2898
Sana,2917
Potassium,2759
jeroenodb,2844
crazy_sea,2823
peltorator,2887
kdh9949,2881
qwerasdfzxcl,2781
BalintR,2799
Kapt,2882
m_99,2959
LeoPro,2770
PetelgeuseRomaneeconti,2749
tkacper,2740
YocyCraft,2739
kmjp,2901
Roundgod,2768
antekb,2807
AmazingTalker_Frank,2725
1004535809,2871
nok0,2722
KroosTheKeenGlint,2720
elycx,2880
Licha06,2716
Nyaan,2949
nantf,2906
Farhod_Farmon,2976
Pointy,2708
TadijaSebez,3035
CharlieV,2715
risujiroh,2857
foammm,2703
shiomusubi496,2701
RDDCCD,2696
Egor.Lifar,2929
Lynkcat,2694
qwerty787788,3038
ppavic,2750
blackbori,2955
Nachia,2764
BigBag,2864
cabbit,2938
Morphymorphymorphy,2688
soltanbh,2716
cljq_cpp,2673
jacynkaa,2754
AndreySergunin,2997
stkwill,2808
_Diu_,2703
Brovko,2894
Serin,2665
kevinxiehk,2706
grass8sheep,2689
Pyqe,2994
dingdingsb,2655
paul2008,2655
Isoeasy,2771
StarSilk,2649
JCY_,2648
leaf1415,2727
newbie__wrz,2643
milisav,2682
riano_,2640
Alon-Tanay,2639
_Peter_,2765
Keshi,2638
Dominater069,2636
natofp,2646
Toxel,2901
forever_lose,2705
_su1sen,2722
AliShahali1382,2916
wygzgyw,2625
icecuber,2852
ooOAM,2617
Denisov,2613
SomethingNew,2888
Salley-Garden,2611
Temotoloraia,2867
fengzhengwei,2773
KLPP,2635
platter,2607
tfg,2841
thenymphsofdelphi,2752
_Guoyh_,2601
umbrella-leaf,2600
rama_pang,2866
Ronnie007,2597
TheAshenWitch,2597
ofrankel,2596
alvingogo,2747
pooty,2593
PEIMUDA,2665
emthrm,2771
stevenkplus,2874
Andreasyan,2686
se1ka2,2675
GeZhiyuan,2582
crescent_yhw,2582
Xylenox,2761
Never_Lose,2578
hitonanode,3182
le0n,2680
fallleaves07,2754
jiangbowen,2631
GoatMessi30,2574
cqbzdj,2572
khuepr123,2680
Sulfox,2833
vgtcross,2568
Rafi22,2567
fuyutsuki,2564
Noam527,2898
jdurie,2705
namelessgugugu,2562
TheScrasse,2689
BucketPotato,2592
do_while_true,2560
natsugiri,2960
dog_of_Nesraychan,2599
LogHorizon,2673
TheLuminousSky,2556
kizen,2595
0wuming0,2647
felys,2671
YeongTree,2700
lmlmlm,2553
yuanhaowei,2551
Sert,2653
JoesSR_,2628
bashkort,2582
xiachong,2557
Iztrx,2660
LuCpp,2538
tiger2005,2538
Everule,2610
PEKKA_l,2536
Kude,2646
Rewenix,2534
W4P3R,2578
reedef,2549
xuanxuan001,2577
KrK,2810
Sorting,2570
Xellos,2865
Karuna,2655
Ayanami_desu,2523
maomao90,2565
AI_COre,2521
LittleCube,2521
Peti,2520
Ra16bit,2742
bthero,2625
gabrielwu,2818
Kite_kuma,2699
chen_zexing,2575
triple__a,2624
Alfalfa_w,2516
dengtingyu,2512
wdnmdwrnmmp,2508
nuip,2880
CJ-zhuyifan,2554
Tony2_CF,2557
chinerist,2698
mtsd,2879
zltzlt,2503
SegmentMaster,2539
AlternatingCurrent,2852
jtnydv25,2675
kyo20111,2501
EasonTAO,2499
yyyyxh,2499
10circle,2498
whatshisbucket,2590
zihouzhong,3109
TeaPot,2849
Warriors_fsy,2602
by_chance,2495
maxplus,2637
AmirAli-Asgari,2660
yangster67,2568
APJifengc2,2493
golikovnik,2614
_Serge_,2492
chenxiaoyan,2866
PEKKA_c,2490
bilibilitdasc,2642
siganai,2490
Leilaqwq,2504
lambert0704,2489
mraron,2489
L7-56,2524
ttttan,2534
znstz_2210QaQ,2487
AFewSun,2486
windva,2630
A_zjzj,2522
OIerkzc_love_10circle,2483
ymjer,2565
no_dream,2481
S2speed,2866
al3xstr33t,2625
AmShZ,2603
iakovlev.zakhar,2662
rniya,2645
sevlll777,2549
__ZMF__,2477
cxaphoenix,2532
busamate,2475
-14,2785
JovanB,2641
Kazumin,2495
ThreeIsFeewo,2571
-is-this-fft-,2645
andrei_boaca,2472
yutabi,2472
installb,2472
asdsasd,2788
Intercept,2481
rfpermen,2464
Barichek,2768
Dorost,2602
SingerInTheLastPhase,2463
zhouhuanyi,2463
KevinYao,2462
Fido_Puppy,2461
JeanBombeur,2566
ace5,2547
Adam_GS,2719
amongussssiuuu,2459
HollwoQ_Pelw,2572
ALILILILILI-KHAN,2590
Jacob,2621
TsumikiMikan,2456
zhylj,2615
H8_8Q,2525
filibuster,2556
yaoxi,2597
Mapakaka,2453
BARBARIANNNNN,2452
zhangjianjuncd,2452
Kratrissa,2525
nvmdava,2563
GusterGoose27,2448
anpoli99,2624
DeadlyPillow,2506
ExplodingKonjac,2445
N_z__,2460
Otomochi_Una,2504
VladProg,2605
atodo,2543
est_stella,2668
Kaitokid,2520
irkstepanov,2691
Anonymous_Noob,2563
Elizabeth_Liones,2442
Kai-HavertZ,2442
Snow-Flower,2768
red_tree,2442
hokarikanae,2440
sbzhangjianjun,2447
xianboyu,2580
fastmath,2729
leinad2,2542
DitaMirika,2437
pzrpzr,2440
Tlatoani,2892
haruki_K,2685
locsey,2436
Faruzan,2434
Omer223,2461
nigus,2743
qq_orange,2429
zidder,2586
scanhex,2802
Door_Dark_We,2427
magnus.hegdahl,2427
relyt871,2448
flashmt,2598
TKT_YI,2500
WH6BNNS,2572
EMBailey,2427
SmolBrain,2422
Daniel777,2420
cxm1024,2529
Flew,2418
forxen,2418
minhcool,2468
Yellow_Submarine01,2417
uwu,2567
SendThemToHell,2590
Siberian,2584
cuom1999,2506
dogEW,2412
mumu.,2413
Leasier,2434
Rafbill,2988
EnAnimant,2726
Cocoly1990,2408
okwedook,2468
BellaKira,2406
zaq1xsw2tktk,2442
jucason_xu,2429
IanDeHaan,2403
Valera_Grinenko,2403
dsgrekova2,2531
fuppy,2675
Timsei,2497
Misericorde,2559
cryozwq,2403
i8d,2400
yyyyxh329,2397
LMydd0225,2396
toam,2568
ytkn,2572
physics0523,2700
w0nsh,2638
Legitimity,2501
METHOD_METAFALICA,2392
Redpojoe,2393
Forested,2644
sangonomiya_kokomi,2404
Be_dos,2527
_Eclipse_,2390
DeMen100ns,2390
TeasingMaster,2440
ialakhtin,2438
JJLeo,2617
Lou_Sassle,2388
valeriu,2388
Nero,2550
Septimelon,2666
Unlimited_zero,2393
amano_hina,2506
czjxyz,2387
Flamire,2569
Misono_Mika,2386
hydro-bot3,2386
satyam343,2386
Tutis,2590
H_stove,2512
cyaegha,2383
Purslane,2382
juliany2,2471
5sb,2381
Enchom,2630
bkdn23.baojiaopisu,2514
_lbw_,2498
Dragos,2377
KumaTachiRen,2414
aibark,2550
olmrgcsi,2604
FengLing,2374
Hyperbolic,2572
lightseba,2509
2077nirundong,2373
Yar_sem,2373
YozunaNiu,2373
hhhgjyismine,2473
Remosk,2420
ggawryal,2381
2018LZY,2444
IceYukino,2443
minato,2526
zwh2008,2370
Dawnq,2367
HuaJun,2531
tengrist,2367
antonis.white,2382
maximumSHOT,2640
SeiunSky,2415
pakhomovee,2364
Agua_Podrida,2520
CFM_LOVE_ETK,2362
Seyaua,2490
lichenghan,2360
milizeshousan,2360
DylanSmith,2391
XJT,2398
XZC__Bobby,2366
hyforces,2492
torisasami,2654
yogahmad77,2532
BraveXuZhiJieGoGoGo,2356
Theo830,2385
Trump_Constructs_China,2494
EnEm,2690
limanjun,2449
queen,2352
chro4896,2439
jinqihao2026,2364
foolishgoat,2460
fzw,2348
mickey080929,2405
induk_v_tsiane,2349
lebarelue,2347
wangyian2022,2346
chenyanbo,2544
pandaforever,2344
using233,2344
cai_lw,2371
yzz162534,2343
KDVinit,2411
RobeZH,2716
ZCKevin,2514
happy.potato,2395
darnley,2579
hibye1217,2433
IceKnight1093,2380
Zhouershan,2339
defnotmee,2484
Kaey,2487
MiracleMaMa,2337
Zan,2337
MridulAhi,2562
feeder1,2653
RGB_ICPC3,2402
pp_orange,2377
noya2,2487
Aleks5d,2683
FelixMP,2370
74TrAkToR,2416
Natsuzora,2387
dyppp,2340
Elibay,2377
liqingyang,2328
D_F_S,2327
Ricki_White,2327
Mitsushima_Hikari,2326
chaeyihwan,2634
RaresFelix,2324
sephrys,2465
Marckess,2681
syx2567,2322
bronze_coder,2337
Retired_Isaunoya,2319
Zeardoe,2346
..vince,2489
cebolinha,2316
panyaoyu1999,2338
wrhaco,2316
Bucketsmith,2358
gubeiqg,2315
PolarFlea,2600
phoenix0423,2314
wh2005,2401
HappyPacMan,2350
becaido,2352
zse,2320
Muelsyse,2311
Sinocchi,2361
libobil,2311
aymanriadsolh,2310
isaachew,2310
yydtq,2360
JavierN,2354
SGColin,2309
UnstoppableChillMachine,2540
fmota,2595
t0mmyn,2309
cmk666,2361
1021839,2348
ethening,2423
spacewalker,2587
RNS_KSR,2306
ttamx,2306
zzpcd,2306
yeminghan,2305
zacharychao,2305
Akulyat,2702
Raiden,2304
hxhhxh,2331
hypergraph_coloring,2463
Liuxizai,2301
jason_sun,2301
slenbol,2391
zkou,2322
Speed_Forces,2300
Dart-Xeyter,2453
Ilya_MSU,2605
JeffreyLC,2465
Onjo,2425
tujunbo,2298
Zhtluo,2507
andreystefanov,2297
CSHwang,2371
User_Carrot,2296
i209M,2306
Suda,2301
awoo,2709
Gorgo,2306
wnmrmr,2344
TimeEmergency,2293
sayo,2420
qiliangzhe,2361
DeaphetS,2340
PixelCat,2291
TQX,2385
oscar1f,2291
PaperCloud,2290
krzysztov,2290
AC-Automation,2289
Coreopsis,2289
Sakuyalove,2289
alexlikemath007,2293
zyxoi,2350
DimmyT,2288
Fortitude,2367
NKheyuxiang,2286
marat.snowbear,2453
_saileach_,2285
meOwO,2384
tallbee23,2285
Ant_Man,2527
amsen,2439
dimss,2317
BreakPlus,2283
jefrai,2455
ACOIer,2282
Multiplicative,2287
tnowak,2544
hamamu,2327
FrenkiedeJong21,2356
max67,2280
-1e11,2292
Tringmo,2299
meaningful,2277
salyg1n,2326
ub33,2343
Gediminas,2427
Sirantic,2276
TahmKench,2295
yyf_0404,2284
AlinLoh420,2275
Beelzebub_blue,2303
Star32,2275
MrBrionix,2464
ParsaDox,2285
-0v0-,2270
HOLlC,2376
hyman00,2319
wyrqwq,2270
LTL_td,2317
Riblji_Keksic,2287
BlackAnt,2326
RGB_ICPC9,2266
darkkcyan,2546
jhzjk,2403
AbdelmagedNour,2275
EmeraldBlock,2328
MateoCV,2522
bajablast,2375
zlxFTH,2331
harinboy,2328
tofudra,2263
wangzhe_290477,2263
VladaMG98,2460
ungray,2262
ToniB,2290
bdzzj,2367
Feynn,2260
Fidisk,2282
Morley,2259
oursaco,2298
WLZ,2257
Changyu,2481
LoboLobo,2292
avi0000,2255
muratt,2732
-2x9_21-,2253
Kochou_Shinobu,2253
ganeid,2276
kymmykym,2253
txl16211,2279
Lskkkno3,2328
YangWithin,2253
_Enigma__,2345
wutongchun,2345
BirthdayParadox,2251
Phantom_Performer,2251
applese,2497
arnold518,2505
275307894b,2369
Geobiyye,2313
thomas0115,2250
Tima,2506
dannyboy20031204,2366
ivatopuria,2318
jatloe,2249
knightL,2634
pavlekn,2457
vito1036,2281
b6e0,2304
SPD_9X2,2446
YoshikaMiyafuji,2445
Nika_Tamliani,2287
SanguineChameleon,2278
dancho,2434
Hakiobo,2408
Sedmoklasnikut,2276
TrivialMan,2444
c.young_sb,2305
chmo345,2244
fzx,2244
sammyuri,2242
2337559178,2302
hotboy2703,2314
steven.novaryo,2276
Darren0725,2242
GrandSouris,2241
Onolt_kh,2337
TolyaHo,2277
Wael_Zaiback,2240
_LeMur_,2437
leexzq,2239
schrodingerstom,2239
tamato,2359
zha0yp,2239
JohnVictor,2238
hjcafaroUC,2238
wery0,2345
KoreaL2KStRiKe,2237
flytime,2285
lucasxia01,2350
DisconnectedGraph,2241
paula,2500
udhavvarma03,2251
TheStory,2235
Frank_DD,2330
aryanc403,2452
Grzmot,2270
HHH666666,2233
szb,2507
MvKaio,2232
albatross_errantia,2326
dyukha,2265
Hypercube07,2302
1437vszombies,2359
ErdemKirez,2607
coriander,2398
FEDIKUS,2261
fork,2335
myst-6,2229
pavement,2511
Gassa,2581
xioxio,2242
MediocreSouris,2267
superyijin,2227
Olerinskiy,2378
QMG_link,2232
RGB_ICPC8,2226
Turkhuuu,2301
culver0412,2226
Anakamira,2325
Routec,2239
Superposition,2315
demian123,2225
wkoo,2225
Harry27182,2302
OdtreePrince,2427
komsomolsk,2224
JYJin,2236
VesselinMarkovich,2223
qazxcvbgt546,2223
YunQian,2235
rainy-day,2288
Lawali,2525
MIKEFENG,2282
HHY_zZhu,2220
jeff252,2233
Ali.Kh,2680
DLUT_Zeratul,2274
EFX,2218
Kieray,2250
leihonglongyin,2220
onufryw,2237
socho,2356
Huyum_nik_fan,2249
cpchenpi,2217
cyc2,2227
misorin,2361
shobonvip,2394
vladmart,2307
IF_IR_A_1_IR,2296
alexwice,2333
andrei_iorgulescu,2215
czyarl,2306
dbsic211,2302
ClHg2,2411
UnoK,2214
__Misuki,2281
trainwithoutpain,2484
MtSaka,2291
YouKn0wWho,2412
gxj114514,2304
h_squared,2222
MAKMED1337,2401
VaVshchuck,2212
keisuke6,2212
Kotoblepass,2280
yaufung,2330
johannesk,2359
chenzhe_,2209
kefaa,2606
omeganot,2395
qiangbao,2410
servants,2209
ethan_enhe,2399
lvkaiyi0811,2224
cuiaoxiang,2553
patou,2274
DanielW48,2291
titia,2342
nifeshe,2275
DAV3R,2204
ahihi1234,2211
do_while_not_false,2204
1kri,2203
HNO2,2357
Mmtdp7476,2203
Timur2006,2203
verjun,2274
Alfeh1,2252
ExpertHunter,2202
Irmuun.Ch,2348
Terryjoy,2202
YxqK,2354
fast_photon,2202
suta,2283
18985012367,2207
CommandMaster,2201
NegaTeeF,2426
do_while_not_not_true,2201
WGYHMFkZyA02,2200
lzoilxy,2260
Alx,2199
Dalembert,2571
Iratis,2254
Maruzensky,2223
SW2000,2501
brimix__,2360
LittleTB,2269
Perpetually_Purple,2351
RegenFallen,2197
ahoraSoyPeor,2288
kiranraj.kkb,2197
platypus179,2482
GoogleBot,2260
KKT_89,2269
quan7929,2196
Mdominykas,2305
Nisanth,2292
klii0314,2195
Giselus,2255
Nson,2398
Spitfire_F_Mk_24,2197
Jerry20110434,2193
chenyifanlx,2193
i209m123,2193
mychecksdead,2243
rt3,2364
sg0071729,2322
vaaven,2361
yuanruiqi,2192
Andrei_ierdnA,2191
Teja-Smart,2248
_akasi,2226
anil9717,2317
loK10,2450
yqlm,2191
Monarchuwu,2217
The_way_to_Rome,2271
AzusaCat,2189
Imdie,2240
bkdn23.vodacbaoan,2189
xlwang,2189
Jatana,2787
Sugarii,2390
WonderfulWhale,2188
ZPAYAUR,2188
__shaun_0124,2347
aryan12,2222
cnyzz,2226
faustaadp,2394
meowcneil,2197
myoi0905,2187
qzr_,2190
DippleThree,2233
Papaver,2205
lddlinan,2273
szdytom,2186
wenkaijie,2265
yzy1,2186
RP-1,2246
jurao,2246
Jerry__Jiang,2184
MemoryEfficientCode,2184
Msstt,2184
Mtaylor,2267
fishy15,2276
houzhe,2358
joww,2243
juewwj,2184
pring,2193
HCPS42,2348
MarcosK,2288
avnithv,2183
Iamjuruo,2182
cfhj,2275
YYYLLL2021,2179
lorenzoferrari,2202
mban259,2306
Biden,2406
GrishaIvanenko,2268
manizare,2297
tredsused70,2178
_Komorebi_,2177
abcpony,2177
sedev57,2177
zhaoyp_,2177
Lerpin,2199
Lucky-Xiang,2253
SecondThread,2675
akua,2177
tedi_2.0,2275
VHTung,2267
dumb_boi,2175
miss_robot,2177
serotonin,2398
like_a_dream,2174
mihleonid,2236
DCH233,2173
jacobtpl,2380
shadow9236,2201
tarjen,2337
TwoFx,2381
ligaydima,2342
psruk,2283
ATM12345,2402
mztkn,2321
tiinpeng,2269
AQil,2391
Pompeii,2291
catforces,2277
gmusya,2382
lmqzzz,2383
sakurasonic,2213
wangyz96,2169
TooTrashyToCompete,2210
_chroneZ,2168
dreamy_jasper,2168
kingofpineapples,2278
I.Gleb,2327
KNB.,2479
Linx,2298
Lucina,2327
duck_pear,2230
zlc1114_v2,2346
Good_WeekDay_,2206
Renauga,2256
__chtholly__,2180
hzt1,2361
mwzqwq,2186
NaOH_Frog,2399
shiven,2370
Atekichan,2164
IsaacMoris,2359
little_brush,2399
HaPpY__1,2163
Qsauce,2196
apilat,2222
vbobrov,2187
DJ2006,2292
Edlue,2332
Master--when,2293
kondasujay2,2164
leo020630,2302
De_Coder,2161
Serendipity__,2258
T4M0FEY,2239
Wansur,2161
clfzs,2268
jiangtaizhe001,2199
kiritan,2226
ssk4988,2161
whdywjd,2165
Blitztage,2171
TearsFreeze,2287
Vectors_Master,2261
Ynoi,2177
YuJiahe,2268
fs20091003,2160
Psychotic_D,2347
de_while_que,2159
IZOI,2158
OneStone,2158
jhhope1,2399
mr.kolya,2175
xiaruize,2211
yagoo,2158
Gellertke,2223
MikhailKapitov,2181
chuchu,2237
depr13y0,2403
for_sx_e_1,2157
vegetable_he,2157
Ferume,2281
JagguBandar,2235
Wolam,2215
antguz,2269
clonemasteruwu,2243
sanyon,2199
Andyvanh1,2288
CCSU_DZX,2155
JOliva,2217
Yunlong_Li,2248
awesomeguy856,2155
lexiyvv,2412
pac-man21,2172
rickbaishuak,2235
CoDeRoK,2232
CodigoL,2391
Meijer,2494
Z_i_X,2154
1234huang,2153
AC464,2205
Fly_37,2450
XDEv11,2169
abhidot,2268
apoorv_me,2401
gohan123,2260
ButterflyDew,2374
Error-42,2208
ha___il,2220
islingr,2227
Su_Zipei,2233
kIee,2237
karinohito,2313
lg_zhou,2185
2018liuzhiyuan,2313
Agnus,2174
ForwardJ,2226
N.N_2004,2327
keyurchd_11,2168
penguin133,2150
wonbin0504,2150
John_zyj,2155
LskkknoAce,2149
_Wallace_61430,2334
hopsfb,2232
parkky,2184
udon1206,2319
EvgenKarpov,2181
Kidulthood,2255
__sleep,2395
buihoatchuyenhv,2183
jaewoo2009,2208
kaori1,2159
surajchip2,2148
Proofy,2147
Riladavin,2224
Antichain,2146
Prostoegor239,2399
Yugi.Hacker,2162
_bLIC_,2146
apgpsoop,2158
brobat,2350
cqbzly,2256
ooaa,2320
Alfeh2,2145
HaPpY1213,2159
Kira_1234,2512
yingxue,2181
zuishuai,2145
Badint,2205
The_thought_of_fallout,2202
gingers,2222
huxch135,2184
lotusblume,2366
123ZDQ,2202
AlexanderL,2302
Gheal,2324
Phantom_Deluxe,2204
tinca_matei,2338
Wall_breaker,2206
amirhoseinfar1385,2309
silv723,2141
yangjl,2218
coconut99,2140
kaikey,2244
nana7mi_channel,2174
Fuzen527,2242
Nanani,2253
Ritwin,2291
Yuki726,2287
WCG,2386
ghoul932,2178
BIT_smzzl,2144
Othinus,2137
PBX_1,2158
dahoon46,2137
dengziyue,2182
piyush_pransukhka,2199
EasyRed29,2210
RGB_ICPC4,2247
Xaxixin,2330
4_Hospital_President,2135
Ann,2135
Lavine,2180
Roll_Num_56,2242
Wielomian,2382
cy1999,2226
-Complex-,2162
AhmedEzzatG,2148
Air_Wind,2134
Alihan_8,2200
ApproachingStorm,2211
Daniel081024,2134
Luminolic_Black,2134
ballad,2244
fr200110217102,2414
fyable,2134
tietui77,2134
yoav_s,2183
yukai,2134
AmirrzwM,2233
Genius_dream,2171
_CbrX_,2133
_Ezreal,2177
east1016,2185
ilia-ivanov,2224
kirillbogatiy,2244
magnified,2501
qwqFomalhaut,2133
n0sk1ll,2239
nukelauncher,2149
ParsaS,2327
smalyarovsky,2131
thecold,2169
zepto,2131
CharlesWuQiushi,2190
DanTheMan_,2320
michao,2263
pog,2141
MistZero2,2128
ZhouYuHang,2155
baijiaohu,2128
henry-tb,2196
ht_Z,2128
konb1,2176
SmoggingSpun,2129
arvindr9,2298
status_coding,2192
un4gettable_rain,2130
zyc070419,2127
Drice,2333
Faccirx,2184
Lylova,2196
Markellonchik,2363
Peter-007,2205
Tobo,2238
EJIC_B_KEDAX,2263
Vladithur,2400
jjaworska,2401
Eurlo,2124
RedMind,2326
Temmie,2419
sgweo8ys,2124
pty6666,2236
369Pai,2122
DJRzjl,2175
DimonKrutoi,2220
GoatTamer,2231
Kaibad,2302
gortomi,2125
someone__,2177
Cipherxzc,2151
Luna_Sakurakouji,2185
bcollet,2268
edogawa_something,2121
CYYsOPaccount,2120
Haa,2340
IvanBorquez,2136
LordVoIdebug,2292
bcyjtyl,2120
imtore,2203
lsantire,2328
zbceyond,2128
hhhyh,2119
tobias.glimmerfors,2375
xb2403,2119
yanghanyv,2119
Hosen_ba,2140
Swishy123,2118
brothernumb2002,2118
CN_Air.,2129
Hammer,2117
Hemose,2237
Sai_t,2117
Sparkle_ZH,2139
SyruLoveNewTechnology,2117
c20230537,2117
dabbler1,2134
pasa3232,2195
scli_kjh,2117
AboAbdoMC,2142
DaNeK0201,2155
ast123,2116
ciuim,2123
ebi_fly,2199
ikrpprppp,2292
rainboy,2396
suisdavid,2209
0e4ef622,2115
Maezra6,2150
TP-LINK-1,2118
kuticpcer,2145
makrav,2226
LeXuanSon,2114
Wmic.,2208
gaoyucheng,2114
tttyyylll,2114
HalfQuark,2273
Mustang98,2484
N00BGH0ST,2113
SK1PY,2113
areke,2127
Oscaryang,2112
dai,2404
firi.,2327
-_-Adi_jr-_-,2237
Bruteforceman,2433
_FJqwq,2111
makcvim,2149
retired_user,2112
ComplexPug,2368
Suwan,2290
TKORT,2119
kwoncycle,2154
qsmcgogo,2247
robertoeugenio,2110
suzhen,2208
alex.kudryashov,2109
houren,2167
Hydroxythio,2108
ImmortaLimit,2108
Jiongly,2164
KennyD,2188
nkwn,2197
noFriendsPlease,2207
Rotting,2107
Thomas_Top,2107
Vser_Carrot,2107
jeff_qi,2199
Edqebriqht,2106
Hell2Evator,2235
JWRuixi,2106
liaokq,2106
WaterColor2037,2383
taran_1407,2315
NemanjaSo2005,2195
O_O_Zzz,2212
erduolong,2150
qwq7,2125
shmax_,2104
t98slider,2234
HaccerKat,2242
Weobe,2155
dranjohn,2258
firstin0907,2103
lemon_codes,2103
luanmenglei,2130
zhang_yt,2103
Francesco4203,2130
kai824,2264
awu,2101
gujialiang123,2138
rajatgoyal376,2101
sysulby,2269
win114514,2101
CALLSIGN_NULL_,2100
Kita,2137
Nightmaresss,2100
Raiden_Makoto,2100
akij_biri,2241
kuzmichev_dima,2261
lamduybao03,2154
m0nster.eXe,2100
s_jaskaran_s,2175
Math_rad_round,2184
happypotato,2161
MattTheNub,2288
Nakagawa.Kanon,2389
Yzm007,2195
lyons,2350
purp4ever,2105
Bellalabella,2356
Joler_,2194
dlhham,2204
spiderg,2306
hawaiianpizza,2096
tostes,2216
ytqm3,2314
z7z_Eta,2245
EndlessDreams,2237
Sofapuden,2394
bashunowant,2137
IcpcAssiut,2094
WGYLOVEZXQ,2158
sg78276397,2241
szflc,2094
L_Wave,2093
painsacrifice,2093
BernatP,2092
CepryH9,2277
Me0wtiply,2131
SZMSZBH,2128
woshiluo,2178
yuki_keshiki,2092
Aldas25,2235
Anonyme,2123
TimonKnigge,2528
c1120231020,2117
pantw,2189
KnownError_,2090
Lain,2325
Ujjwalkool,2187
goncharovmike,2143
pavel..pers,2090
pufanyi,2284
raideva,2090
squaredog,2117
DennisTran,2150
amoeba1,2103
learner__,2097
stntn,2108
wzc_IOI_czw,2103
ToiBiCungChim,2114
ahey,2350
brealid,2185
eiruty,2276
jrsy,2088
skytyf,2090
slah007,2268
MCYang,2087
Morisz10,2120
kartel,2147
Abdulrahman27,2180
Setsuna,2257
XJTU_coach_xu,2262
chengbilly,2103
Silver_Fox,2118
complexor,2085
parsa-golestani,2159
woee,2085
Fu_L,2084
RecursiveCo,2084
Rodionno,2084
Till_Past,2127
snowy2002,2179
Jonas01234500,2140
Zhangcw,2083
AlexFisher,2134
DarkestNightmare,2134
Jimanbanashi,2528
_Linglin,2157
nrvft,2145
shenyibin,2081
shibohan,2081
afuafu,2171
fhqTreap,2179
tonegawa,2271
toniskrijelj,2315
trainerherp,2121
gxy001,2273
keenlf,2079
zjq123,2173
3417,2078
AWR2020,2078
Forever1507,2078
Java,2163
M_bolshakov,2121
Toxic-chan,2078
__jk__,2171
cqbzhfxzj,2119
gs17005,2230
unordered_map,2212
Giga_Cronos,2214
ItsJerr,2077
Krypto_Ray,2077
_morsmordre_,2077
limbo16,2173
ScorpioDagger,2082
VasyaMer,2155
Valters07,2220
gabriel88766,2075
kidw0124,2169
lxyb,2123
new_acc_,2237
plevande,2208
timreizin,2288
BlackMamba,2074
KN200711,2183
ZHUHAORENQaQ,2180
codelegend,2475
koderkushy,2331
spirua,2074
A.D.,2119
gloria_mundi,2234
lunchbox,2302
mjtai,2336
HighDxDSchool,2115
Soultaker,2187
XY_Eleven,2071
ayingna,2135
llzer,2091
tatata96,2235
towrist,2174
ArsenM,2146
NewInTown,2070
czhang2718,2281
great_fortune,2241
jifbt,2070
die,2453
flower_sang,2136
meiqwq_bf,2190
Arch_of_Triumph,2133
MCuong,2068
jialiang250,2103
oiocha,2068
wolf_moon,2068
AST_TheCoder,2086
How_to_solve_problem_B,2183
cjy_2021,2067
pei_pei_,2080
sdyakonov,2067
Mirali7,2212
beep_boop,2066
tovrist,2066
__finn,2065
coding_sword,2152
dongyc666,2150
mQfZ,2186
woshiSB_river,2126
yamia,2065
Error_Yuan,2095
Leonidas,2297
TheOneYouWant,2448
cjyang,2064
dushki,2064
wangzheng2008,2064
Dalek_of_Rivia,2165
Ice_teapoy,2080
Lalic,2063
dongsihan,2063
raoxj,2251
wzihan,2082
2018haha,2062
ArvinCiu,2117
Jackylkk2003,2241
fwfjs,2112
guoziyang,2061
lerasimus,2061
Biot_DucToan,2113
MnTm,2204
OIerGegu1019,2204
PCC,2098
jophyyjh,2120
zc_zxq,2060
RGB_ICPC6,2208
lkfd,2059
mmdxm,2059
D0min0,2171
Intellegent,2149
YahiaSherif,2293
codicon,2208
man_of_learning,2197
theBanzaiPredicament,2277
wishsh,2058
10000point,2057
alexdd,2097
dartvolley,2084
hocky,2154
mariowong,2057
zxynothing,2118
ElDiablo,2295
Lucky_OvO,2073
S00021,2066
kolomig0r,2126
pkqs90,2189
Esomer,2169
Fekete,2299
hy2004,2054
idontwannawin,2531
kimmoqt,2101
shenfe1,2106
yzb002,2053
Boboge,2288
GrandTiger1729,2173
Paul_Liao_1457,2179
RobertoFirmino,2137
czswez,2052
lyx123886a123886,2171
c2023cyj,2050
golions,2184
-LAP-,2091
Coder_Nayak,2049
Ink,2049
Richw818,2155
OverSimpIified,2050
forest,2251
jbc392,2104
zhouzizhe,2205
Alan_dong,2047
jsssk,2179
piyushsharma_3061,2047
satyabrat693,2146
the_hyp0cr1t3,2151
31ballons,2080
Arnob,2151
RingedGenesis,2046
arpeggio,2074
hata_saa,2109
lck_AC,2046
misteg168,2116
oval_m,2133
pacha2880,2185
Heibor,2121
TheRubbish,2123
The_Hallak,2235
jamil314,2045
kanpurin,2045
komite,2124
optimize_2,2045
programpiggy,2084
blackscreen1,2074
ekatsim,2130
rajchd_11,2074
A_Pikachu,2043
FanYongchen,2043
Gold14526,2048
Jarif_Rahman,2261
Selnev,2043
Wandoka,2173
kyoran,2187
1075508020060209tc,2160
Sanat,2042
guperman,2310
shade34,2186
US3RN4M3,2308
WRKRW,2120
donbasta,2163
nanoblob,2127
swift51385,2066
BinhHDzz,2139
nandonathaniel,2043
Muelsyse_sep002,2039
follow_diana_please,2175
jimini23kjm,2054
s20b1_chernikov,2294
HonestMagician,2037
ODD-EYES,2037
Ridonkulous,2037
SpadeA261,2136
heeew,2037
BabaVoss,2138
genf,2077
ishmeal,2036
nch1ck,2036
-Complex_,2035
Capps,2125
Corycle,2204
DAYBREAK_FRONTLINE,2035
Niiiiiiiiiiiiiiiiiiii,2091
PoiFakeRe,2121
RamanujGoel,2082
abotaha23,2035
bit-noob,2110
medmdg_MOI,2054
AceIn,2244
JavaInTheSouth,2168
JoseSoto,2036
yiwangchensha,2072
Fugitive,2139
JustasZ,2380
Scut22,2138
Timonnable,2269
Eternatis,2032
LLL_2820,2156
SMIrrichto,2032
ScarletS,2197
cool_milo,2103
erankyun,2232
wythend,2240
Fermat,2237
Sqrtyz,2031
pzzkr,2066
sputn1k,2048
Issa,2115
llloserqz,2113
milind0110,2155
E-ray,2187
ExplodingFreeze,2301
IgorAkhmetov,2375
TreniiiRiii,2146
petamingks,2108
xuyufeiya,2153
Kolychestiy,2099
Loserinlife,2028
RNS_KWG,2028
adamsoltan,2180
georgievskiy,2183
mafailure,2207
XGN,2027
cSERAFIMc,2027
lizh1,2164
marc2825,2027
nahP_irT,2083
Galetx,2068
Mazaalai,2090
jbg05,2026
mcclane57,2026
trivialkid,2066
AD620,2036
Chelovek9,2025
Homura_jar,2025
qlwpc,2025
CIXTEEN,2229
abhayg_07,2024
mishanya_stulov,2209
Alexander_0918,2023
Beevo,2113
prairie2022,2115
thomaswmy,2023
yenuj,2153
876pol,2157
Nahian9696,2022
VLamarca,2404
_skb_,2097
sizihan,2120
FudNyh,2056
KiFaH_HeLaL,2021
MateiKing80,2040
SarahLynn,2108
_Mister_Doctor,2021
elteammate,2097
m.cpp,2109
MarcosPauloEvers,2112
SinhaSatwik,2020
kuzma,2223
GoFullRetard,2019
Liang_Yusong,2019
magnuseifr,2070
March_7th,2136
Pablo-No,2018
lvle,2019
martinius,2018
Ankit_332,2017
Gzhibovsciy_Arseniy,2056
Loctildore,2017
El.LeBron,2016
I_believe_I_can_fly,2043
J_Jonah_Jameson,2090
Xc4l16r3,2186
dino_merlin,2016
monkeyswithmoney,2016
nalemy,2075
414sboy,2015
JJH_QAQ,2015
MGod,2019
nice_doggos,2015
real_pegasus,2057
szbszbszb,2171
Gergyg,2161
cpbeginner,2114
markysha,2320
shn271,2037
TianCaiJieJieHaoKeAi,2103
lmn207,2013
xxzx,2088
garg_a,2012
xhx114514,2012
RED_INSIDE,2359
Austin_Griffin2,2171
angry_face,2010
brown_toad,2051
hxu10,2207
sejun,2010
tanprodium,2010
415411,2009
noomaK,2009
slonichobot,2113
JadeReaper,2008
MCPlayer542,2164
Meloric,2133
SuperJ6,2319
YuukiS,2008
derpwaffle21,2008
thabumi,2123
AryRDW,2007
NiceTryMan,2137
SashaT9,2031
TimeWarp101,2092
fangahawk,2094
npip99,2016
AdiAnand,2079
G00DCOD3R,2111
Gnihton3,2014
ItamarNir,2006
NewBing,2080
RoomTemperatureIQ,2034
celin,2038
HCCH,2037
ITworker_Z,2229
NickH,2011
Redqwq,2005
_Cx330,2020
daukah_,2025
Dou-Happy,2004
lelbaba,2141
stalker120,2053
uhtyzmaaa,2110
2514631360a,2018
ChairmanFMao,2003
Code937,2097
Gorou,2036
jamesbamber,2095
polosatic,2154
Shuishui_0921,2155
Sig0001,2002
cristea,2002
espr1t,2355
solene,2050
ultizet,2187
Early,2078
tgehr,2149
PoPularPlusPlus,2233
enzopsm,2137
Chifwin,2048
NamelessOIer,2033
QAQ.Maple,2095
blacksquare144,1999
huangwenyu0301,1999
huangxuanao,2003
sunyuheng365,2288
tanao_,2041
zhuoxingmu,1999
OG_Matveychick1,2148
jiuzheba,2093
sv1shan,2170
HanZhongBalls,2063
MagentaCobra,2237
alexbrii,1997
cqbz_xsh,1997
kingmessi,2201
owoovo.shih,1997
ventilator13,1997
Mohamed-Arous,2056
_Vassu,1996
dorulean,2043
minhnguyenxuan60,2130
Ayalla,2124
Loging,1995
daniel071292,2249
forpeace,1995
gpgpurur,1995
gyouzasushi,2157
henry_y,1995
jwkim0108,2076
liar_frisky,2170
pengyule,2039
profchi,2149
sycqwq,2059
IF_IR_A_1_IR_2.0,1994
SadSadBlueMann,2154
hehepig,2064
lzc0115,2025
mrmoooo,1994
N_eB,1993
StardustQ,1993
gigabuffoon,2216
Hamed_Ghaffari,1993
Messy-,1992
joylintp,2138
lonely_forever,1992
tRoehr,2043
AwesomeHunter,2131
CoderSubhash,1991
FLself,2008
Gr47,2083
ImNotCandyOreO3O,1991
MatheusAB,2043
Wibo,2149
dsolunov,2173
wwwfq,2010
NintsiChkhaidze,2018
Restricted,1990
mod998244353,2165
pnlong2706,1990
robertofirmino09,2049
supercambrian,2120
Grey_track,1989
I_HATE_GEOMETRY,2246
Jihyo,2027
W1598319840,1989
amokrousov,2070
kexyfather,2022
sunshine123336,1989
tosivanmak,1989
little_young,1988
zzuqy,2129
3z_sky,2064
MaxVerstappen1,1987
edisnimorF,1987
illyakr,1987
kyukarumaicode55,1987
ljr1234,2009
pk_27,1987
cqbr,2073
handy.rose,2097
squishybanana04,2116
Twilight_Shimmer,1985
Uagu,2167
andreyDagger,2023
cccllf,2009
Ami_Nafi,2034
Andy_Lin,1996
EmiteInna,2013
xhytom,1984
zhangmingzu,1984
Profect,2134
Ryshi,2026
batmend_kh,2024
flamengo,1983
PC_E1052,2108
Victoriano012,2124
byunjaewoo,1982
firexial,1982
zdc123456,2228
ChenTianxing,1981
Julto,2047
Lrosfrv,1981
V4V,2057
_Elaina,2077
ashwanth106121023,2124
lovely-ckj,2029
maxim.yurchuk,1981
nh_nayeem,1981
purplecoder5439,2002
surfing,1981
drAKu0.0,2031
monster_hunter,2074
FantasyNumber,1979
dyxx,2062
haze,1979
kissgergely,2323
EgorSav,1978
NO_SAD,1978
hhhyh_1,1978
muhammadhasan01,2178
ssjie,1978
MisQo,2022
QuantBsk,2104
SamyakSinghania,2027
hamuim,1977
A.Kaan37,2068
InfernoSloth,2184
Khronos_,2031
newamnesia,1976
Bedoo,2150
GMbefore2024,2053
ImmortalPhoenix,2067
SDqwq,1975
cajolery,1975
qpwoeirut,2291
skyksxd,1998
Cy2anye,1974
Dec0Dedd,1974
ETO_leader,1974
JKF_ZZ,1974
Linqi05,2221
MegrezBunny,1974
MysticPanda,2101
mazihang2025,1974
meme,2195
radion,2027
xx001,2006
BunBunChocolat,2030
LGXXGL,2066
NightSky,2004
gansixeneh,2304
gcfer,2038
little_tomato,2044
pmt2018,2237
113113113aaasssddd,1972
Anny1225,1972
Dragokj03,2016
clbclb,2081
fcba,2025
mikeac,2057
spsicio,2037
George_Rubio,1971
Russian_Pank,2053
Wzh134009181,1971
brenner1,2087
hhpuss12,1971
siculun,2011
Ivan_len,2318
Yaimsea,2179
apostoldaniel854,2291
batmendbar,2007
Mantra7,2030
MarioChan,2003
amsah,2022
caijianhong,1969
Cai1000,2098
Citnaris,1968
Octagons,1968
ahshafi,2134
frznhc,2136
stoDiwanulorz,1968
yupooh,2066
zhangtianhan,1968
HEltim7,2105
Happy_New_2023,1967
RomanticDreamFlight,2003
cxzxslh,2020
pluie,1967
qhk1024,2052
xinyster,2015
DaniraSilla,2058
SharpEdged,2028
TheQuantiX,2052
balakrishnan,2274
fireinferno,2027
zhouyuheng2009,2007
Gxstarry.,1965
LinkWish,2168
MeGustaElArroz23,2079
Ricky2021,1994
Ryougi-Shiki,2088
jahangard,1965
GS128,2026
Hectonit,2116
NewLul,2089
SimilarifiedFate,1964
shakhnoov,2081
AliFarhat,1963
Autobus,2092
Kyooooma,2080
Shayan86,2234
VaibhavAg31,1963
alxwen711,2131
graph1te,2024
lunw1024,1963
DerekYeh,2018
3abqreno,1961
Arturo,2024
KevinLikesCoding,2002
SUN.LOVE,2270
_Magallan,1995
kzyKT,2296
Alan,2042
tikhon_grinev,1960
Trial_light,2043
aaa12321,2018
microne_mzx,1959
recollector,2042
yamake,2032
yqcr666,1959
9.86960440109,1958
ARegularCoder,2082
Pacybwoah,1958
WRKWRK,1958
itzzRaghav,2088
Bossusuprem,1983
EnBiiii,1957
liang_cheng,1989
mathdude42,2081
tanaygad,1957
MOD-Essam,1956
RandomBee,1956
SunsetGlow95,1956
tdzl2023,2025
ArtAlex,2349
LYT0122,2043
RNS_PHN,1978
Rzbzz,1955
TCchen,1985
Xumy,1999
fftea,2020
null0001,1955
setrecursionlimit,1955
RakibJoy,2085
Samadeol,1954
SomeCleverName,2081
bribritt,2048
chiki_2d,1954
qqq1n,1954
EnDeRBeaT,2031
Kblp_COCu4kA,2035
anhphant,1953
luoshen,2129
piasticOuO,1953
wilson_,2104
zzzzzz2,2027
--quark404,2002
Whereismybrain,2043
adam01,2042
bleh0.5,2144
jianq1y,2081
TrendBattleswillwinioi,1951
fingerdash,1975
hasname,1967
kookeudas,1985
sia1024,2059
016-Mansur-M-26,2013
CedeaT0,2005
CodingCat,1950
YES_wc,2074
kova1,2055
q_x_j,2027
sunsh1ne,1950
zuno,2107
BRUHHHHHHH,1949
Jryno1,1949
T3T____,2047
Vanthoci,1963
crpQwQ,1949
fricai,1949
hulm,1952
sk091204,1994
stan23456,2069
zp7CFbot1,1949
Faitan,1953
Kruthic,1986
arash.,1983
skhan_org,2016
sss,2009
volodya_petarda,1989
wyhong3103,1948
jpetrovcic,2219
Arsa,2050
Beautiful_Times,1946
Coffee_zzz,2000
DAleksa,2069
FIorian,2047
bedrockfake,2192
regain0002,1992
yinhee,1996
yowai,2079
Hanghang007,2253
Imenkey,2128
Newtech66,2157
NourElleithy,1945
Omar_Mohammad,1998
gakshat468,1952
huyhau6a2,1945
mihneacazan,1945
newbiepupilspecialist,1945
ytb2024,1945
GusFring,2051
H-R-2004,1944
OMG_cyb,1944
Xun_Xiaoyao,1944
abuka_benka,1986
kakel_san,2068
xhy,2016
DeD_TihoN,2252
dlwocks31,2243
otoshigo,2174
tryptophan,2103
AshrafSustS19,1942
amir7777,1986
donny1234,1956
y_combinator,1942
BasicTH,2010
Riqirez,2137
Schi2oid,2119
Shirotsume,2137
Vancezyx,1941
iam_czx,1941
ppps,2057
ORzyzRO,1985
Rinors,2014
canonica1,1984
dmlocdmloc,2085
iNNNo,1940
purinliang,2289
Kalyano,1944
OptimalKnight,1948
WritingEve,2047
curly_braces,2172
itz_archit,2064
lwchen,1939
qdryx,2063
shubhamgrg1000,1957
Snafa,2043
andrei6184,2030
crimson000,1938
fresh_boy,1938
still_me,1938
42kangaroo,1995
Cai_Guang,1937
Handsome2004,2252
Lazy.JPG,2040
amirhozaifa,1937
carryup,2065
qfl_zzz,1996
qq11123334,1968
rflash,2000
sergejgraf,1994
ExRoc__,2041
Mateo,2048
Sort,1936
ace-in-the-hole,2175
cqbztl,1936
page_fault,2068
robostac,2081
shiyihangxs,1953
FlyBell,1935
IMRUN,2105
Piokemon,1974
chocolate-milk,2001
people_plus_plus,1942
psychobot,2087
shikharshreyansh7891,1935
the_cow,2011
veleboks,1935
y200,2003
dimash1,1979
rubbishZ,1934
wangjunchao,1960
Floating_Duck,1933
HEXU234,2021
NotaKoala,2046
kigash,1936
kird,1933
martins,2239
sinsop90,1933
vikram108,1975
NatInTheHat,2003
Rising-coder,1932
odneitiwta,2096
Dremix10,2266
Mindeveloped,1971
Muelsyse_,1931
Peanut.Tang,2020
Ststone,2050
carnation13,2010
hcng,1981
lfw,2166
mal37,1983
pera2008,1935
solver11,1993
xxcdsgyes,1931
Georgiy1108,1930
Moomins,1930
Probka,1942
RNS_YHB,1995
Ste,1930
daduoli,1930
deptrai2k7,2022
flysnow,1930
gmr,1930
greenhand.n,1968
Cardiloig,1942
Go8,2003
MuhammadHassan,1969
Romy67,2062
bobbilyking,2239
haoren258,2018
hcywoi,1929
OMG_78,1930
TLEtoAC2001,1928
epb4,1928
fclvbfm934,1928
weakweakweak,1947
AAK,2046
Zain,2247
adepteXiao,2154
aytony,1927
kpS128,1974
mcbanana,1927
rolandpetrean,2000
sksusha8853,2080
southcaribou,1927
sumon123,2044
Hackerman278,1956
Leo_0503,1944
PMPuns,1926
Tyx2019,1964
UIT.NguyenThaiSon,1926
_gladiator_,1926
nohandle_5,1982
wwlw,1957
FHQY,1925
Mamalesh,1925
Mohamed308,1994
Nijoin_Hazuki,2011
fanfly,2122
gauss2718281,1925
richard_bachman,1985
yzyejh,1925
BoaHancock,1978
Etavitsea,1924
FBI,1953
Hagry,1974
Lazy1_,1924
Sorin1932,2076
coder_supreme,1924
kumakumaaaaa,2023
tongzhenxuan,1924
xx_mmc,1937
1L1YA,2029
DarLam,2225
HugeHobbit,1923
dmraykhan,1988
ezdp,1923
flowwolf,2021
kulmak41,2167
luna-,1954
syk070531,1923
LiZnB_love_ZX,2077
MYFJCHX,1937
Mohammad.gholamzade,1993
Mr..Bot,1964
ShayanSh,1938
TravellingSalesman,2080
fexla,2050
mymelochan,1922
wukaichen888,1922
Autreekt,1921
ButanlishiHuanwoAC,1981
kasper.incognito,2005
ocortez,2005
xyloph0nex17,1921
DarkSide69,1920
Lol2004,2095
TMM233,1981
lintd,2146
sulvshuo,1920
ANASASASASAS-KHAN,1919
JustInCase,2158
another_alwcod_nn,1919
diordhd,1927
maqi_maqi,2009
the__phoenix,1975
you_xiao,1942
Illumina,1918
MinaRagy06,1958
ankushgarg_04,1978
callmepandey,1918
dulatcodes,2011
k_balint,1918
trappist-1d,1918
Harsha221B,2023
Mbfibat,2243
ZiadEl-Gafy,1938
_IVON_,1917
diobrando97,1920
dsakhdkas,2050
mhtkrag,1935
perchuts,2197
yangbo01,1917
AliiSh,1992
Bombylius,1984
SHEXINYI,1916
Young,1935
bkd,1916
tranxuantruong,1978
Deconstructor,1915
Mifort,1915
Nummer_64,1945
Saquariu,2048
hanifchdn,1915
horrlod,1915
onehow,1982
sorry_pikachu,1915
541forever,1945
Astolfoo,2057
FranSkarica,2015
Hanari,1914
Mohamed_Reda,1930
Prince_Daemon,1914
Tester2002,1969
alecs,2102
babo_is_me,1914
ccy,1962
dhlee1031,1914
hungcubuso2vn,1914
iyang,1914
Leo_W,2051
Petroleumus,1913
hariaakash646,1996
jskhirtladze,2139
maghrabyJr_,2068
yingxiewu,1913
2007rating,1912
ECNU_ZhouBin,1912
Moolamp,1934
N1KlTA,2055
cp_first,1970
Diana773,1946
Re_Maple,1911
alllifealone,1911
anhnguyen,1979
Big_Soul,1910
Mohamed_Tamer169,1987
flamestorm,2059
indestinee,1970
litchi_juice69,1910
misha_sh,1987
skyhgzsh,1973
y_kx_b,1941
KingPowers,1909
Pa_sha,1965
Surver,1968
Ush1su,2017
_whb,1909
captain_tiny_rubbish,2026
tch1cherin,2210
Ice_Lyric,1932
Tatsuyaaaa,2186
Vermeil,2026
XqAiyee,1908
kes0716,1908
21cs01033,1955
LCJLY,1986
MORBIUS,1990
ParsaF,1983
kratos56,1907
tassei903,2147
zhouxiaoyi,2022
zwp1234,1907
CodingJellyfish,2085
ShirayukiNoa,1906
Survivor_loser,1906
loilon504,2073
WTR2007,1905
joaozao,1905
marcOS,2295
winSeven_MrBB,2047
Lankin,1977
Yhs_Joker_06,1904
_helloLad,1957
kennyzzhang,2191
qijiYDC,1933
AmICute,1903
Coder-Osman,2011
PurpleHanHan,1903
Rosmontispes,1949
line,1919
red0116,1923
s-lissov,2071
xX_I_Have_Esbat_Xx,1951
zezoo050,1991
Mathematician2000,2084
bkdn23.khoipd,1961
gopikrishna000,1902
hqmm,1902
huikang,2235
ottoqwq,1948
sesson,1905
Ashlyn,1901
CaveNightingale,1979
CyberCow,1958
Lambent_Light,1901
YuvrajSharma,2094
jueeng,1901
pandey.,1901
BudiArb,2130
Little_Fighoh,1900
Madboly,2152
Tony1234,1983
VegeDog,1900
egret,1900
follower0523,1929
usernameson,1983
GSH_gsh,1899
MrPizza,1899
crxt,1918
koooooooooooooooo,2185
selmon_bhoi,1907
2w51y318c,1898
Daveeed,2053
DestinyPlays,1898
DiscreteStep,1898
Misha100896,2176
RMA-NB,2116
UhahaUhaha,1898
ilia13122008,2102
lostintianyi,1943
xprt_1,1898
D_Z_W,1897
Rowlet1,1897
SatonoDiamond,1914
_Frust,1900
dusty.and.rusty,2141
nogondess,2080
sgsonugoyalsg,1897
stefanbalaz2,2374
Edu175,2018
Evocation,2045
Pyroblast,1965
SmilingBraniac,1896
Toilet_Ares,2166
pengin_2000,2150
rushitote,1983
sha7dow,2032
shiro53,1964
JvJv,2073
Pan_H,1895
Shuai_01,1895
Untrii,1967
WeakMouse,2019
AbduSaber,1894
LLLinkZelda,1894
Nuris,2035
geospiza,2257
jh01533,1985
luoxiaohei,1996
mfeitveer,1894
my_name_is_handsome,1996
paradigm_shift,1897
rabbitsthecat,2211
xsap,1930
Jamshed11,2106
KTR,2207
QZJ114514,1957
silly_pig,1893
Hasib_16,1974
QHJ123456,2063
X_Lin,1892
ayush_raj.21,1985
ctsrt,1892
tzy_tmy,1892
Gaurav_Dawra,1986
Mar1gold,1939
MarcosMTR,1961
Mikunyan,1891
Wenoide,2343
reilu,1979
Cabbage03,1978
GreatDevResh,1953
Huseyn123,1898
SUL,1898
Wooly18,1924
heaksicn,2035
vbnaddudsj75,1934
SalihSahin,1988
Zadymiarz1234,1888
ezraft,2073
sunrise10032,1888
yellowtoad,2075
Shirost,2014
StarSilk_little_fan_girl,2004
crzy,1887
hhoangcp,1988
janY_,1971
qwerty190,2047
spider_murphy,1907
tilenn,1887
yoka255,1980
Hihihah,1886
anangoprabhat,1886
naf-fly,2067
Adp_D,1885
Ignut,1996
Nicolas125841,1950
alien_lover,1966
andrey.m,2034
eriFseR,1952
kachhuaa,1949
qmr_wa,1922
-.--.--.--.--.-,1962
GrimTreaper,1884
chickensqaure,1939
coderdhanraj,1884
dark__moon,1950
dumb_girl,1884
qianchen01,1885
Iceberg,1916
NooB_VansH,1894
ayhan23,2025
damirsit,1883
fahimcp495,2102
shadowYYH,1948
HitoriBocchi,1882
Liberty_gsm,1915
Tomx,2072
__AB__,1922
airths,2078
EJOI_Gold,2051
OrleanMagic,1881
_YXJS_,1942
cc4414,2108
h4d1,1921
killer_god,2253
kimiyowaimo,1881
-Fainted-,1880
Ahmed_Salah7,2102
Ihasyou,1880
Jumpman,1880
TamimEhsan,1995
Thanhs,1897
haciiii,1880
kartik_orz,1977
maxFedorchuk,1880
EN_SA,1985
Shui_Dream,1908
Zxcigan,1889
adityagamer,2055
inoader,1947
khepri,1900
quietpan,1915
CurryWOE,1918
Kawaii,2076
Raywithyou,1927
Rippr,1878
nan01,1878
serialcomder,1892
JustiEe,1880
UshanGhosh,2018
harsh__h,2219
raulandreipop,1991
Chrisedyong,1906
NEGAO,1953
Osmabnlden,1876
Retired_Tan,1911
TheRough,1876
darling51707,1990
potat,1876
qidirj,1931
ABalobanov,2311
Kranya,1976
MasterCactus,1875
Pavarishko,2038
will_be_fine,1949
Anas_Da,1874
Andrija,1956
GenghizKhan,1969
Leonardo_Toral,1874
_theCopyNinja,1921
rajkon,1896
1champgwen,2192
2020TAndr,2082
I_Love_Hacking_Skylark,2030
LemonWgarlic,1909
Mirbek,2163
Reincarnation,2008
bartmath,1873
boyliguanhan,1873
gujialiang1919810,1984
joker_x,2018
suzuken_w,2154
6ziv,2038
Ahmed_HASSAN_ELMASTER,1872
SmuggingSpon,2002
Tinky-Winky-junior,1876
love_yum1,1872
wtn135687,1969
Husanboy,1886
Majedh,1871
SajidZakaria,1923
hylhyl,1984
kahaani,1871
lingying,1933
moonpay,1901
snasibov05,2076
sword060,2091
xuewuguai,1871
251Sec,1891
768,1913
Der_Vlapos,2119
_Temeraire,2037
dkjha20,1870
k1suxu,1946
ococonomy1,1962
shorya1835,1889
threethreetwothree,1929
Angriliset,1947
BTeEnonya,2022
Rayanx_,1869
beshoyhany,1869
richardl02,2086
yxzy,1869
HitoriGotoh,2009
Nolv,1909
anibitte,1884
cormacc,1993
cybsbbb,1874
kiwiyou,1958
robotolev,2013
shiraho,1909
EzikBro,1996
TheAbysswalker,1867
bdfs_then_CSDN,2004
rahul_shrestha,1867
Alireza,2039
HAPPY_JUST_OK,1868
Tsovak,1958
alavrov,2008
asdfgrace,1866
kkpos0206,2104
Baelz,1865
IvanD,1865
Okimoto,1942
Redpo,1953
mhb2010,1865
Cyber_Wolf,1864
GOTKAKO,1951
I_love_BrayanD,1864
Monkey.D.Luffy.,1872
Sam_Saleh,1923
Skarekrow,1927
_Rn,1897
fluffy_the_squirrel,1878
manitianajay45,1976
mikyoch,1912
siddhugzp,2119
Blame.k,1863
Elza_York,2040
Erinyes,1956
Yldar,2108
_BANKAI_,1863
abhilash_360,1872
egorsa,1863
ms_crystal_ship,1966
piggy123,1937
AdhityaMangudy,1944
Final_Track,1862
HoshinoAi,2055
Sir_Ahmad_Imran,1869
ZiXeL,2077
wwwqeqeqeqe,1862
yud08,1862
zyhhelen,1949
C0de_Beast,1943
Nika533,1908
RU_NowOrNever,1861
Tippy,1958
YangJackie,1861
guominzhengdang,1964
hamidh100,1861
syz_,1901
Eas0n2009,1860
HuiZi,1860
Kakarrot-,1886
i_just_practice,1952
seeeeeeven7,1885
yvbf,2091
Double-Happy,2006
LYYYLYY,2021
annyeong1,2044
cbyyx_0,1930
drunkhigh,1859
rbjwnb,1859
user10086,1920
yoda4000,1859
CTHOOH,1901
MayankAg,1967
ekys,1858
krafter,1871
requiem,1876
scrg,1867
vhnvn,2295
FoxLouis,2009
Icontofig,1924
KejieXu,1857
WingsyTsubasa,1857
aves,1984
nicolasalba,1891
vrishavgarg28,1883
-this-is-ohp-,1912
IEluan,2019
ezahid1662,1856
martin0327,1986
supine,1856
DeMenShikimori,1855
Enzinho,1855
FzArK,1989
Papaz239,2050
Sara.S.,1962
WAPretest2,1878
a_little_cute,1937
chitransh_itbhu_6102003,2028
ling_liu,1855
vrcoder045,2037
Kriz_Wu,1977
LiuXingJian,1940
ZmkzOWYyOHcwdWo4cj,1905
bigDuck,2056
pop_back,1854
shouxhy,1964
zwu2021016689,1854
RedLeaf,2015
berekuk,2242
iamcclocation,2003
lemonilemon,1915
lgxyes,1865
Lesser_Lord_Kusanali,1852
Saki2007,1935
UNTITLED0,1852
a6z,1852
faris007,1852
hackerbhaiya,2101
shumast,2070
slaking,1929
woruo27,2043
zjr027,1852
Fritz_97,1999
Srivardhan_M,1851
StrausKoldun,1875
nathan4690,1926
shjeong,1851
thisislike_fan,1892
yoraghav,1851
Dhruv_Kushwaha2010,1888
SStinny,1858
q1w2e3r4_1,1850
sigma-yyf,1850
skeep194,1901
LuckyRandom,2047
Magician_Mathematician1,1856
cc_lab,1849
dirac_de,1869
jaime_spat,2165
josewxy,1849
mnxcv,1870
qwusha,1926
zwp111,1849
margofan,1891
nikolozi12,1848
Aurora_xz,1953
JorgeIbanez,1849
MeetBrahmbhatt,1928
___dreamer__,1897
hanime,1847
EasonCookie197,2062
Namine,1857
Raj_Aditya,1849
chh9976,1936
cool_ssh,1903
3sFening,1845
Amoussss,1845
AuroraAlaska,1950
Farr,1895
GuilhermeCdM,1928
LordOrbit,1970
Mukundan314,2013
_abTahi_,2048
hakaishin_3182,1890
hjcc,1845
DinoHadzic,1965
I_Will_Marry_Ngoc,1909
_priyanshu_,1844
darthrevenge,1993
rururia,1893
LittleXi,1877
Yona_,1843
bunH2O,1938
etherinmatic,2173
KaranBardhan,2015
Konti2,1877
LYY_yyyy,1842
LaPluma,1850
Popusk3000lvl,2096
TenReMakeSiON,1886
_Kaizer_,1921
alinp,1987
dan_dolmatov,1842
kovir_aleksey_korroy,1870
redcircle,1842
tuntun.icpc,1931
FedShaft,1993
kunzaZa183,1909
markthitrin,2102
muxingchengfeng,1983
DestinyGod,1957
MoLotfi,1929
NanQin,1840
hztmax_zero,1883
withinlover,2103
Gaurav3478,1896
HMAXS,2131
IceWolf898,1839
Rayanx,1839
ZelKnow,1875
__nullptr__,1839
suomynonA,2023
yellowtomato98,1931
KryptonAu,1838
QuandaleDingle,1838
Shubham__mishra,1847
hackerchr,1901
xu826281112,1898
BlueBerryBush,2104
HitmanX97,1837
Kusmir,2035
scutsky,1837
viniciusth,2010
xxwip30utxx,1845
0x3b800001,1886
AVdovin,1887
Apachee,2092
Cosmo_police,2001
Ench_Lolz,1906
glycenko,1842
omikad,2161
rajbunsha,1836
skahl15,1960
thibuma,1836
zxxzy,1849
3fukin,1835
EasonLiang,1964
Ja711,1899
MrLolthe1st,2146
Palbudir,1855
Sbak,1940
Z-wzy,2004
c20231020__,1835
caf_sq,1835
himanshukrabc,1883
lhcdx,1835
psplvlg,1835
xtremegamer2k19,1944
Alex239,2117
Kladrr,1834
LZX_OVO,1834
MenaceJn,1847
Staszek,2147
bitoy,2038
lovelive__,1834
mhyrnmtq123,1834
onelasttime99,1834
rutvik_1234,1868
syrtin,2227
Amdadul,1866
GTR.3910,1968
_Tish_system,2052
abhijeet15348,1833
fattybug,1842
jainmilind,1895
k1rill_fedoseev,1833
litanghui0000,1930
shivam_751,1835
Abdo-Saad,1968
De-Bug,1942
DereFer,1877
HPG_KI_MAA_KI_CHUT,1832
hartiksalaria,1879
kira1433,1917
sarun061729,1952
vineeth_kada,2034
warks,1942
yuanyuxuan,1935
160cm,1831
2022hanscome,1872
Amirreza-Fakhri,1831
Harmony_,2064
serichaoo,1831
zhangrj,1859
02Darling,1921
Gujialiang270,1871
JakobZ,1897
naeby,1926
newbie114514,1883
rek,2111
syop,1830
MinhazIbnMizan,2040
TakeMe,2050
Tzak,2180
UP84,1848
bblyyds,1829
bkdn23.Ihasyou,1930
qhnana7mi,1844
sukabulie,1830
sumit_kk10,1893
Ambiguous.,1887
Evan_Liu,2050
Plato,1828
YWDJ,1898
julinek,1828
planes,2054
yeshuchen,1828
Kyou_mo_kawaii,2148
liaojiqing,1959
nvujica,2035
tushar_joshi,1957
yoyoboyss,1827
Darkshadow123624,1944
TheOpChicken123,1870
Zobayer_Abedin,1843
deadshot4141,1826
jynwyb,1887
nexusmind,1992
ooscode,1861
passinho,1826
pupsicek,1826
pyldalao,1888
zengqingxinxinxin,1859
Coder_Fang,1891
Itachi_Uchiha13,1992
Netr,2018
Shreyan_Paliwal,1971
_Gawd_,2003
a3g1s,1857
shojin_pro,2012
smallfangAKIOI,1825
EnonyaBTe,1824
MikiMiku,1824
Naitik.6803,1824
Paranoid-LS,1880
big_owner,1824
rohan.p,2015
system_1,2040
.Nik.,2257
efe0,1852
frexe,1823
nowayjose,1823
slongle,1944
wtz2333,1882
xenofil,1974
Firestone,2054
NanYangNanChui,1822
Physics212303,1822
chenyitaoooo,1893
hanchangseo,2158
shubhargava,1966
sultan__,1905
xcc_szy09051,1933
zilioner,1937
Emy_Ycc,1821
PaoloB,1903
ZhangZiZhuo2020,1890
_yolanda_,1821
only_xiaohuang,2061
wallacelw,1839
yuvrajKharayat,2004
2114992323,1902
FloatingOcean,1897
Leonardo16,2064
User0069,1903
anonymous_01,1820
halley2008,2007
ilgizarka,1820
margy,1992
one_autum_leaf,1828
pengyantong,1880
sushmanth.dampur8780,1886
zabiyakaubivaka,2010
zawatin,1872
JafoNoksy,1819
Jene1ht,1832
OctoberEstuary,1818
Wobert,1818
ZhanqiWang,1941
kurwa,1915
Charming,1964
Lin1043,1904
Manchester_Fairytales,1817
Mortus,1817
Sai-17,1857
TYQAQ,1911
The_terminator,1838
_C_O_D_E_F_O_R_C_E_S_,1938
ggboyy,1842
sashko123,2098
zengzk,1943
Boris_Krasnov,1816
JorD,1816
TheDarkForest,1816
chillhouse7773,1816
remmymilkyway,1899
umimel,2065
aplysia56108,1986
chromate00,1815
maria_clara,1815
one_piece_lbs,1840
ptraffic114514,1815
s1r_D,1815
umezo,2105
Amanydv0081,1814
Quartz_y,1872
Ripiaun,2070
Ryuga_,1814
SkyWave2023,1814
pill,2211
DontAskMeTime,1813
Ghulam_Junaid,1864
QuinnG,1834
Vaness,2290
aditya_108,1991
areason,1865
blue_ice_yj,1907
riroan,1882
rsa_op,1867
sunsunsun,1813
tangguochao,1813
BDFCL,1812
kavorka,1850
AINgray,1811
DevMAG,1811
N42,1811
RealSlav,2105
Syara__,1916
Wilbell-voll-Erslied,1997
cocomos,1811
dayalk,1811
A16YY,2064
AllDirections,2057
AntonDk,2193
Greedy_watermelon,1940
HQH.qh,1810
Withers_,1810
ereoth,1810
sos89756,1892
Abbess,2219
Habibulda,2051
JerryMao,1814
Lena_fan,1975
NMD2k6tg,1809
XQH_Prime,1809
XZRSEVEN,1967
tdsb,2105
xueshen666,1957
yy__zq,2019
Deamer,1877
Lemontea_,1808
Maxmilite,1872
NourhanHanna,1950
PLA_Nh,2033
_shakespeare_,1854
animish01,1808
bkdn23.lamlaicuocdoi,1855
cjoa,2070
ktq_cpp,1828
kylych03,1911
linxd,2005
nono00,1844
rakshith21mohan,1925
tushar_314,1851
urieg_alltime,1808
Aaron_wch,1807
Azm1t,2017
Frus,1945
Goldenglow1427,1807
Yaman_Alwaza,1835
yhk1001,1816
DanielMontes,1890
Maksimka_coolhacker,1815
Shirabuki,1911
astilate,1806
cepher01,1888
gabmei,1806
kaztaev,1913
ldkk,1854
nakshatraexe,1806
none_c,1947
vbsinha,1848
xelsink1,1806
Keepy,1835
Ostrich888,1998
ant.ermilov,2021
csegura,2062
disjointset,2136
ohmygodtosbryantooorz,1805
11d10xy,1829
LinkinPony,2014
MATHEMATICS_2022,1804
Rudovich,1881
Sabbir1807070,1804
ZhangwuKitten,1834
flakepowders,1899
hieu_2004,2120
krigare,1804
robert.barbu27,2085
six-floor-slip-liu,1804
wmrmr,2055
yaaarseny,1952
Lyamzin_alexandr,2222
SpeedyX,1803
carlosad1,1855
dantoper556,1804
hefengchen,1931
rohit2593,2117
sonder042,1803
tanaka255,1870
xiaoququsd,1832
H2J,1923
__Shinigami__,1802
bestial-42-centroids,1802
nelch,1802
saturnbored,1805
sunzz3183,1802
C2022lihan,1801
SUZUKO_DAZE,1827
SagittariusAstar,1819
Serik2003,1841
Vequis,1891
ashanksingh1997,1804
codeBegins,1801
harshaa05,1985
myny2005,1801
rakkoon69,1861
thisislike,1801
CWJ_123,1902
Dev588,1810
OutsiderZz,1838
harryb17,1872
leaf_node,1804
molhaam1,1802
pedrosorio,1964
r_q,1808
russian_proger,2069
Abhishek_Srivastava,1956
bashNewbie,1819
zhasyn20,1905
314tonick,1851
ArgintLaAnu,1988
BrehamPie,1956
Irene,2014
Raito_Yagami,1967
darklight13,2069
RestlessPsycho,1803
bfsof123,1824
derug_,1880
flygon,2043
luanyi,1829
ppt1524,1811
Litusiano_,1887
Tagl,2020
awolfloveapple,1813
kazeninvladimir,1897
AcPlusOne,2181
Farhan20,1872
Tainel.,1926
buleeyes,1823
ksu_,1903
zbit,1950
AGG,1970
Ashley,1860
dipit_patowari,1826
franchester,1903
vit_72,1998
mkisic,2260
tulizh,1820
HoangViet,1803
LovelyFairy,2107
shyamer3,1862
tanvirtareq,1847
2503542239,1819
Kirilliym,1803
doccocaubai,1893
jzhsh1735,1867
n_m_p,1858
waiiting,1838
B0b_114514,1906
Khaled_Mardini,1932
PiscesDream,1910
Shielder,1849
ZikWR,2000
_mjj,1808
de_coding_life,1853
eyadhjarray111,1963
frog007,1854
khangai11,2083
prerit_paliwal,1809
zhangzhimo,1813
an_interesting_name,1844
clustAr,1922
edwardnvv57k,1803
l_Love_KFC,1958
njustbacon,1812
utshab1618,1868
ILECY,1856
LoiDak,1826
Pulga,1803
SuspiciousImpostor,1854
ZzRuiKai,1872
jiazhichen844,1870
karthikeya09,1982
secret-550504,1930
CatnipIsAddictive,1864
Inri,1895
Ngeces,1812
Zero_L,1870
lenhanboofficial,1907
yb13558h,1849
A_Very_Serious_Man,1827
Kither,1834
klausXbansal,1892
limabeans,2108
Bharath_1729,1810
ILoveThuyLinh2k6,1960
Leonardo_Paes,2011
Mispertion,1842
Sleekassassin,1857
SriRam523,1828
bianyuxuan,1816
jtmaster1000,1838
Aldk,1885
FedeNQ,1985
Satinii,1917
Sortt,1829
omsgunjal2003,1862
poplpr,1839
Aman113114_Bansal,1857
Get_set_Code,1826
adibur6,1831
AdityaG,1879
AnasMaged,1929
Hazzu,1867
Sing,1822
daniilzimin4,2072
harshpatil2104,1822
mukulrawat_03,1974
reyaan44,1958
sleepntsheep,1823
temp_tamora,1882
zyoobn,1942
Aleph-zero,2055
Black_Be4rD,1917
Macrosteam,1903
bashem,1939
kushalgupta87,1826
Heart_Broken_Teen,1859
gucci0512,1905
pvtr,1890
AmXasm,1812
Beelzebub_eulb,1840
Haricharan_B,1913
sadhwanyash6,1962
Alexfil,1854
CF.Symphonia,2074
Hamim99,1955
rahulagrawal0744,1816
singlabharat,1806
Eshirahh,1901
HIJAZ,1947
HarperTaylor,1853
KanzouYamashiro,2024
Streamyue03,1864
ayush567,1851
neo11235,1951
trap,1986
wang_by,1830
Aveiro_quanyue,1827
MojeDes,1870
S_Samchenko,2000
gqf123,2157
liuhangxin,1869
pigstar_fan,1996
shreyanshshikhar2910,1831
treewave,1883
CarlosS48,1854
Sanam007,1892
Tiagodfs,2061
Xiaochouzhu,1829
el_programador,1956
AlephZero01,1896
ITISMYLIFE,1948
Piashy,1859
YangMofan,1815
bwang1008,1920
don0thing,1837
kinnikuma,1867
krzysiek_how,1863
mgeli,1847
sunnygreen,1874
traitor,1839
Hokmanie,1884
bugmaker3243,1819
vekarpov,2027
yamate11,1965
yingziYe,1837
CrazyDave53,1865
Gachan12,1980
Love_Youuu,1933
NeroZein,1999
__noob___,1922
dush1729,1894
einekleine17,1860
xuanzo,1942
Alance,2074
Georggg999,1810
LJC_ok,1822
Razvan_Rotaru,1916
Yarn,2030
lucky33,1941
null0124,2013
y_mena_2_po_algebre,1854
A_Nafees,1866
Giangcoder,1815
MiNOcean,1865
Only_Gift,1812
fizetik,2009
JUSTaLITTLEshpinatik_0w0,1891
MapleLeafLover,1814
Radan,1812
Vladosiya,1917
hndcmm,1879
puck_just_me,1820
zxn_64,1954
18071500932,1807
30rakirs,1866
Absurd_,1934
C1rno,1848
HaoxuanXIE,1891
berr,2100
cr7ro,1812
franv,1961
vansh_s,1944
Nxxlt,1875
Per12345,1837
YakovPolykovsky,1872
_deadinside,1869
sleepwalking643,1877
therehello,1808
unbengable,1809
Prince_Arthas,1872
Sanjay422,1937
XHZS_XY,1849
koneco,1885
yottabot,1924
Tahsin13,1874
ammar_shaikh,2094
binap,1814
lovely_cyc,1876
owensidarta,1943
Aurora_Wind,1893
Ayham_Dabah,1838
Belief_yfly,1934
DiegoGarcia,2220
MuhammadSawalhy,1901
nhuang685,1871
wsy20080329,1891
Aink,1834
MacneilOnTable,1871
RX93,1813
RockSnow,2077
dbaumg,1931
kinoud,1933
qiancao,1821
666EGOR777,1893
alexok2006,1914
asaringo,1816
bananasaur,2022
vajaba,1925
AndZhi,1809
anhkha1004,2107
srinivas1999,1946
vangtrangtan,2097
VIProgrammer,1862
bit_kyopro,1898
yaya,1980
Kaleem_Raza_Syed,1827
ahmad_alghadban,2127
124q,1943
Coincidence_Schedule,1802
MADE_IN_HEAVEN,1941
hhhxxxyyy3,1816
innocent_SINNER,1924
HowMoring,1835
momen159,1925
Blaze035,2022
CHYYYY,1909
Hhl8924,1864
Son,2243
at_80,1815
cxhscst2,2158
dwuy,1881
fbrunodr,1953
gugg,1805
jtf_cloak,1891
Cleary,1878
Mr_Ell,1863
Noob_smallpeter,1801
figdan,2017
3JlOU_XJlE6UIIIEK,1864
79975580,1827
Anemone_,2017
Insta-x,1870
liqixian,1916
qwe1rt1yuiop1,1937
Nocoldinsummer,1809
Pervushev,1868
__ASHISH__,1925
baba_yaga_0_0_0,1861
clean100s,1914
AsterWei,1812
C0ldSmi1e,1821
GoldenShadow,1961
ayersz,2078
dragoon_Tyson,1806
laplace_3,1959
recurecurring,1865
xzpq,1876
KlayThompson11,1886
Leeisateam,1821
kunaltawatia,1899
0x0000,1805
Ahmed_Aladdin,1807
Short_Bit,1913
adwsaef,1852
akshayjadhav7670,1834
ego_death,1849
eklavya_k,1837
ringup,1812
tlsgusrb314,1801
ELDRVD,1819
Exeedo,1919
mbakhtiarijavid,1851
Sovi_11,1812
bubuwu,1815
natalina,2041
Palestinian_Tornado,1863
jianzuan,1863
jmichael,1813
kawaii0922,1816
Facelessman2.0,1824
LFYao,1804
Wy_g,1878
drkarlicio_2107,1828
GennadiySosnov,1859
RNS_KJH,1959
Sky_Warrior,1921
TakeAway,2029
Zhuangpx,1866
knon0501,2290
mashduihca,1877
orzzz23333,1845
rryh,1897
BlazingDragon,1813
K4YAN,1818
Mikazuki_Munechika,1928
atak1,1817
coderbd,2006
drath10,1985
Desertqwq,1801
Eleganty,2062
Neskvichok,1943
danx,1936
kriplani_123,1896
nkelkins,1885
two___wrist,2065
1234567892,2012
EarthMessenger,1843
Prakhar1998,2060
RabbieWjy,1875
cur,2001
ivna,1854
ssAmanSoni1,1842
yhlyj,1860
00zijian,1848
ImStrong,1814
hi_just_chillin,1924
siuuu,1813
GK_Leo0,1844
Mayur9agt,2033
ahhde,1830
gzhulc,1840
pjych1,2248
International_River,1837
MrBekson119,1884
SHHK_test,1817
Scano,1995
Guslix,2098
Wolowitz,1842
gxp123,1897
pavlukivan,1825
AgOH,1841
Ameya27,1904
Clan328,1889
NU_ICPC,1987
coldwinds,1890
ddxrS,1810
dyktr_06,2041
goats_9,1827
juruoA,1956
khanhhoa_nntan_4,1807
xwoqlk,2097
zxx,1971
-ilya-,1910
1234567891,1981
Nickir,2177
_lao_ya,1870
zgock,1841
TrappedGhost,1820
italianDefence,1847
RetiredNanfeng,1937
Tdyx,1997
dtta,1864
jhaprashant079,1802
kanakgautam,1889
pranabpandey,1846
stop,1843
Doremivs,1850
chinawcp,1883
my_bad,1976
smallC233,1818
wiritos,1826
MTX_AS,1912
_Abd,1804
chmpy,1801
zwh_zzz,1820
Numinous,1811
OctaneC8H18,2100
lamter,1822
tan45,1843
_ragnar0k_,1812
naumovRD,1802
vijaymunde_02,1827
BlackSwan,2179
Chaska,1948
MuichiroTo,1828
Saanteye,1875
_LONE__WOLF_,1853
amit_dwivedi,1838
coldwind9029,1880
m_vid,1809
trjyyds,1821
Amrharb,1836
FURDREAMS,1904
Ferrriccc,1848
STommydx,2279
That_Salamander,1806
hhhhhl,1934
infty12,1807
pseong,1844
Cornflakes,2132
dajeff,1819
miniL,1950
Manikm,1894
RSisRS,1824
UltraFalcon,1841
233L,1818
LightBrand99,1911
fantasma,1884
idLe.,1949
u2003pan,1817
wtc,2011
Ben_shooter2,1872
El_Medonho,1935
SmuggingSpun,1901
steven2022,1976
xmucp,1843
katalonecfly,1836
111vad111,1837
Derike,1837
chunzhifeng,1827
monna4335,1997
saffix,1928
Akshatvj,1872
Niolle_Semis,1803
PrivateCode,1836
kaichou243,1910
sanchitjain333,1941
tgp07,1841
17_Msd,1827
Age8,1966
MedMdg_tired,1869
NKM,1864
invincible777,1853
jacek.karol.rak,1814
EmadSamy,1821
Liswiera,1861
Vitaly503,2027
__Secret,1814
lobserver,1849
sloppy_coder,1847
IanISam,1961
KrisjanisP,1902
Light_KG,1835
Paul-Andre,2047
Stuxnet.z,2002
quangminh64,2054
45645A,1958
Buqiujun,1897
Kustov_Vadim_533,1883
Nahida__,1804
drexdelta1,1858
CombiGod,1818
Headshooot,1830
ericskh2,1829
mxfld,1964
r_chesnokov,2073
yellow_13,1925
AhmedYahia,1847
AmamiyaYuuko,1989
jackson.souza,1912
naniim,1888
FplusFplusF,1847
cjc,1960
ohuton_labo,1907
Geanina_the_Great,1862
ailes,1820
icewarrior52,1907
milan0027,1883
BTK,1906
swayingdream,1805
vovanstrr,1960
JaidenShin,1819
mathsworm,1839
rkb_rd,1890
shivamshekhar010,1993
whyadi07,1802
Cursed_Doughnut,1805
TooManyMind,1831
prabhavagrawal7,1809
pzj114514,1848
Brouder,1829
MysteryGuy2,2215
CSUST_GXL,1835
emelyan,1875
tepamid,1860
yfzxxf_LSP,1830
Ansh777,1816
Silly,1975
Taki_Tachibana,1860
i.Pear,1841
DerrickLo,1829
iwew,1956
maxK99,1829
Musab1Blaser,1817
bananade1,1822
haihamabossu,1917
nitya9714,1807
panhuachao,1910
rlangevin,1811
Amazing__,1897
Ernest0_0Abreu,1827
I_LOVE_RNG,1843
Romiros,1867
heavenkatana,1869
qiuyi,2081
1046654833,1805
66H6,1827
Bob,1899
GenGenM,1841
_Golem_,1832
zzh00195,1826
Anonymous31416,1847
BeautyOfRandom,1969
MMihalev,1830
TLE_Automaton,1906
Xinjiang1944,1877
sourav_suku,1846
HarmlessLittleMlem,1852
Rachel_in,1895
TLE_Automat,1869
harryzhengipsum,1897
kosakkun,1899
1_Dung_1,1851
HediChehaidar,1968
Pouyaaan,1821
masonpop,1831
last_christmas_I_...,2046
litachloveyou,1813
pranjal_1702,1854
somanaik,1861
zur,1861
CJ17,1865
PyAlpha,1853
barats,1869
ivopav1,1884
shdut0901,2110
Alom_Shanto,1828
economist,1847
Sasha0738,1896
Zadbebroni,1908
akshay_1,1937
liupengsay,1989
mahersefo,2032
Itnes,1884
bhukyatharun216,1826
ilyastarost,1864
kevaljain,1847
shoryak,1996
ssid8802,2025
t.a7a.ya_masr,2006
visitpage,1821
AW_Flister,1863
ShiroRinne,1857
Leftist_G,1819
akritovandrey,1838
haengsyo,1998
harshjaiswalcr7,1810
PinoF,1814
fake_name,1817
Gauranga123,1812
Relice,1902
bitcoin,2004
helioWorld,1827
mockingMockingBird,1911
xvzhiming,1802
DragonO_o,1844
HellollWorld,1966
Sarment,1839
_Aghost,1838
baichui,1808
dmot,1898
Lealzinho,1991
li_yuang,1810
opPO,1989
rqbqbqb,1894
xish,1906
Jawad.Akbar_JJ,1810
petyab,1828
safiullinzufar,1843
spectrra,2260
jz796,1890
abdelrahman_rashed,1915
turgon314,1814
LilWang,1851
Reyrotsed,1829
_Subrata,1904
andreumat,2169
j30,1807
kaislash.,1940
nibabin,2238
ochiaigawa,1853
shstyle,1863
Jamaisvu,2108
YamOCHca,1873
akshaykhandelwal,2234
bluemuffin02,1888
neugis,1904
qwqawa,1809
LLZZKK,1882
PUSSY_LICKING_LOLI_69,1878
errormakers,1836
scanner,1805
abcdehello,1849
chakshu2022,1955
windreaper,1814
1371sh,1814
Jerseys,1801
tempid.,1859
wkx,1889
Go3,1942
ljfty,1848
Bruteforcekid,1817
IOI_next_century,1930
NimaAryan,1872
Ocmuko,1814
brute_forceCE,1824
fredy10,2045
infinity0,1991
MNnazrul,1814
Bruce12138,1995
P.V.Sekhar,1953
cristi_tanase,1876
rangbaaaz,1892
serifefedartar,1889
Xiaoxx,1816
kim_young_hyun,1931
the_stone_dawg,1951
bhatnagar.mradul,2171
wasdisbad,1834
JJaewon,1844
Newbie_QQH,1804
Karavaiev,2176
franchu,1814
Hisu,1877
Zandler,1805
cfalas,1944
homefjy,1926
newusercf,1960
noobcityboy,1861
Potencial,1852
algothink,1865
samriddhjn,1889
1eonscount,1814
Nadim,1913
c2zi6,1801
Naot,1993
YazanAlattar,2115
dewana310,1839
notvidut_206_CNH,1887
Samaun,1859
laduiw,1862
2019-12-21,1817
lastsurvivor,1813
Nyse,1857
ashler66,1888
Mrito.,1976
dark-jk,1821
pigpigger,1972
FingerEleven,1984
Just_a_dude,1819
Mythic_Yggdrasil,1860
wzxx_,1820
iantsai0616,1838
lycc,2016
mutharib,1810
Noctambulant,1927
ganganxia,1804
Taha_adeel,1831
abcyz,1821
kohai_of_Javier,1885
lhyjdmc,1807
Layn,1845
___Johniel,2062
arnab_baishnab,1879
th-loading,1808
hyoseok,1824
_enzo,1860
h8h8h8,1931
readdsajib,1866
suryam35,1860
Remilia1023,1860
balalaika,1944
eucalyptus,1884
sebach,2021
tnaito,1939
onetap,1844
srikkanthr,2281
2020akadaver,2145
I_Love_Dota,1802
I_love_IldarKA,1849
Ryu204,1841
aayush_chhabra,1827
kenzo.nobre,1954
ItsLastDay,2314
Jasonwei08,1804
Pravin2020,1817
vibhug507,1865
maraHuaAadmi,1852
BusIgor,1939
Grieg,2107
anuj_anand,1815
rebornndisillusioned,1987
D4nnyLee,2038
Play_With_Mino,2012
bugdone,1811
TrendBattles,1818
shivaram_22,1935
timaktimak,2007
Blue_Poison,1900
Tehjeeb,1823
Vaibhav_Kumar,1804
trqrizu,1847
yan_wei_zhe,1871
Mag1sk,1820
hung8A,1805
sarthak_tirpude,1828
Eclipse-IDE-for-Java,1871
another_fake_account,1803
byyq,1898
egor4kus,1873
scottlv95,1822
to_be_or_not_to_be,1962
BuGaiBaiBuGai,1929
Zawos,1846
anothermousey,1938
tuananh238,2076
Geroin,1803
ananydhamija507,1856
dqjm,1873
magurofly,1822
zhaojunchao,1831
Alexit,1861
Silverboi,1830
jalalium,1860
lanthanhcao,1993
Keaton,1801
Slifoor,1931
karan984,1802
tch1001,1807
zhanghonghe2,1828
Kaor1,2140
TanyaCheremkhina,2088
ftuknights,2109
jmyszka,1803
kulezi,2090
HIT_Zero,2171
Kepatrik,1825
PengsenMao,2145
pyonth,1881
tablemoon,1847
pandrei,2031
Suhaylee,1891
AlveRahman,1801
Khaild_Salman,1830
UniversalAdmin,1888
hmf123,1961
DedsecKnight,1826
idk321,2125
marianoferesin,1859
MarcusL,1946
MinhTuan11,1880
huaihuaihuai,1863
nehan_der_thal,2097
mpxsuyzmk3008,1964
4.5Tatami,1889
Kambar_Z,1852
Mysterious109,1881
abunyawa,1920
amritx8,1888
vegetable_zajasi,1867
vlp,1850
VLADO,1889
fanwen,1924
rokirovochka,1892
YaroslavBulyna,2023
1BeeNY1,1954
Marky,1945
WoodMachine,1848
_Dragon_,2090
sten_san,1835
vansh_kapila,1894
Parvej,1841
lobo_prix,2086
tokitsukaze,2217
Pradhit,1942
arbalestOvO,1957
lftroq,1817
xiaobaibai123,1816
Adarsh8409,1938
GabiTulba,1970
booor,1817
TselmegKh,1879
peng_ym,1844
Gaurav1,1883
aryan1602,1864
unnoticable_guy,2065
RadicaI,1816
arjunsanjeev7,2138
BaoBaoBus,1848
Nonunou,1819
floweria,1880
DeepBorys,1899
Duy_e,2022
ocelo7,1829
Ertugrul28,1930
latr,1857
OnlyLatinLetters,2067
xwchen,2067
Yanko_,1878
Azzpg7,1882
mo12412,1846
Tansho,1803
EvenX,1885
tonyu0,1889
Shkiper,1897
Zeeman01,1803
longcheng_x,1858
shaw_chick,1845
slivolymp,1810
vipin,1807
Nour,1806
cxcyl,1836
BeYourSven,1847
Hikiri,1903
d-O.O-b,2054
Sergey140146659,1872
sanyam2248,1857
utsav_deep,1854
erfam.m,1994
wakaranai,1946
SIMON826,1884
khanter_,1812
pillars_of_creation,1877
IngaleAnkur10,1992
aniervs,2042
Faisal-Saqib,1802
Bl0ck_M0mb0,1830
PraveenDhinwa,2060
BebekJK,1943
Kiramus,1847
NokonoKotlin,1910
dCoding,1826
Dorz,1896
song,1829
jinboy73,2038
oneShot_oneKill,1838
llmn,1872
Twixx,1841
rewq,1883
amsminn,1877
SkySummer,1809
erbowl,1817
fushar,2219
KALARRY,1801
nazmulnns2066,1811
NinjaSenpai,1838
fitisovartyom123,1904
lazy_iterator,1814
JakubLap,1995
_Vadim_,2085
dio_2,1863
somujena21,1838
FastPhysics,1861
iShibly,2085
scameeer,1920
andrey.starodubtsev,1886
Zoma17,1838
magga,2562
tswdfop157,1882
rifat6,1801
ronisds,1823
Andrei.E,1858
I_love_Kim_Dahyun,1841
RBpencil,1946
AngryLeaf,2144
mpanyavin,1810
crabcrabcrab,1941
Ayanokoji7,1847
_HossamYehia_,2001
utoppia,1935
_JohnWeak_,1832
blackbird_,1814
__noob__,1869
happy_sisyphus,1830
LJIONG,1904
CLown1331,1982
Corvus,1961
Firefrog418,1850
sahaun,1817
PrideBlack,1987
sahil1972,1830
kunj_patel,1853
Bsqaq,1913
Nagasai74,1825
milaXD,1828
300IQQQ,1866
shamir0xe,2155
turuthok,1872
NitroColoraze,1830
igoroogle,2026
ruban,1840
G.S.C,1989
vermakunal088,1802
algoishard,1941
sanchit24,1876
Hex_10EFFB_,1804
Pawan_29,1947
Sandeep_P,1842
little_ge,1827
starboy_jb,1969
WORTH,1864
subhashreddykallam,1888
FuDiWeiu,1806
rzyyyy,1845
manzano,1908
Akash_Tike,1805
aleonov,2060
ankit-SM,1830
noobiesAG,2116
saurabhs1206,2008
thirtiseven,1955
Knightz,1844
Jamik,1806
andpar,1829
61zn61dd,1909
wow_Wonderful,2002
ibrahim_habib,1806
ZrjaK,1831
POTUS,1830
JKJeong,1856
BrotherCall,1819
nguyentunglam,1835
ravikjha7,1837
Yash57,1900
arjun_9426,1903
RULO,1984
jlr.terceiro,1964
Kishan_143,1810
lbm364dl,1977
amnsng,1923
lazyhash,1862
thelonesailor,2034
saurabhldg,1827
nethish,2099
kaiboy,2076
Only_Y,1803
Lei_Xufei,1822
Dukkha,2180
Sorry_Formatci,1823
