Handle,Max Rating_x,Result,Max Rating_y,Solved Problems,Problem Count
Razvan_Rotaru,1916,Yes,1916,"{(915, 'C'), (191, 'C'), (1155, 'D'), (1333, 'C'), (630, 'I'), (1879, 'D'), (1738, 'D'), (1637, 'D'), (1859, 'D'), (1870, 'D'), (1672, 'D'), (1621, 'C'), (1261, 'B2'), (1869, 'D1'), (1852, 'A'), (1861, 'D'), (1731, 'D'), (1768, 'D'), (245, 'C'), (1799, 'C'), (1770, 'C'), (1823, 'D'), (1715, 'C'), (1867, 'D'), (1715, 'D'), (597, 'C'), (1354, 'D'), (817, 'D'), (1697, 'D'), (1619, 'E'), (1776, 'F'), (1695, 'C'), (900, 'C'), (1699, 'C'), (1787, 'D'), (1820, 'D'), (1864, 'D'), (1853, 'D'), (1734, 'D'), (1866, 'C'), (1720, 'D1')}",41
Only_Gift,1812,Yes,1812,"{(1848, 'C'), (1879, 'D'), (1859, 'D'), (1869, 'D1'), (1808, 'C'), (1861, 'D'), (1731, 'C'), (1797, 'D'), (1836, 'C'), (1779, 'D'), (1823, 'D'), (1867, 'D'), (1862, 'F'), (1843, 'F1'), (1814, 'B'), (1792, 'D'), (1849, 'D'), (1864, 'D'), (1780, 'D')}",19
Radan,1812,Yes,1812,"{(191, 'C'), (466, 'C'), (1624, 'G'), (110, 'E'), (1091, 'D'), (567, 'D'), (327, 'D'), (739, 'B'), (448, 'D'), (708, 'B'), (691, 'E'), (222, 'E'), (173, 'B'), (1861, 'D'), (208, 'C'), (371, 'D'), (835, 'D'), (417, 'D'), (144, 'D'), (1768, 'D'), (474, 'D'), (351, 'B'), (456, 'D'), (1770, 'C'), (1836, 'C'), (25, 'C'), (126, 'B'), (479, 'E'), (95, 'C'), (533, 'C'), (1114, 'D'), (566, 'D'), (271, 'D'), (731, 'F'), (1528, 'B'), (427, 'C'), (1814, 'B'), (161, 'D'), (500, 'D'), (711, 'D'), (687, 'B'), (459, 'E'), (1849, 'D'), (187, 'B'), (1176, 'E'), (163, 'A'), (535, 'D'), (1206, 'D'), (581, 'D'), (471, 'D'), (691, 'D'), (363, 'D'), (295, 'B'), (16, 'E'), (33, 'B'), (1277, 'E'), (1842, 'D')}",57
18071500932,1807,Yes,1807,"{(1835, 'A'), (1732, 'C1'), (935, 'D'), (1848, 'C'), (1153, 'D'), (1637, 'D'), (1879, 'D'), (1826, 'D'), (140, 'C'), (1870, 'D'), (1859, 'D'), (149, 'D'), (1846, 'G'), (1856, 'E1'), (1842, 'D'), (1869, 'D1'), (1841, 'C'), (19, 'B'), (1260, 'C'), (1861, 'D'), (1817, 'B'), (575, 'H'), (1852, 'B'), (1834, 'D'), (1517, 'D'), (5, 'C'), (1801, 'B'), (126, 'B'), (1845, 'D'), (1684, 'D'), (1847, 'D'), (7, 'C'), (1843, 'F1'), (1279, 'D'), (961, 'E'), (161, 'D'), (1849, 'D'), (1864, 'D'), (933, 'A'), (988, 'D'), (1285, 'D'), (16, 'E'), (1855, 'C2'), (1133, 'F2'), (607, 'B')}",45
30rakirs,1866,Yes,1866,"{(1879, 'D'), (1845, 'D')}",2
berr,2100,Yes,2100,"{(1036, 'C'), (1509, 'C'), (893, 'D'), (1738, 'D'), (796, 'C'), (1793, 'D'), (118, 'C'), (1859, 'D'), (1500, 'A'), (1799, 'D1'), (1856, 'E1'), (1029, 'D'), (138, 'B'), (1529, 'D'), (281, 'B'), (1861, 'D'), (1582, 'F1'), (1267, 'J'), (1689, 'D'), (1304, 'D'), (1810, 'D'), (474, 'D'), (1700, 'C'), (1371, 'E1'), (1746, 'D'), (1868, 'B1'), (1823, 'D'), (1867, 'D'), (727, 'D'), (1543, 'C'), (1627, 'D'), (1551, 'D1'), (577, 'B'), (1783, 'C'), (1629, 'D'), (1688, 'C'), (1677, 'C'), (1283, 'D'), (1734, 'D'), (1626, 'C'), (1508, 'B'), (493, 'D'), (1644, 'D'), (1089, 'F'), (1335, 'E1'), (598, 'D'), (1842, 'D'), (979, 'B'), (1591, 'D'), (1802, 'D'), (1430, 'D'), (1333, 'C'), (1157, 'D'), (1674, 'F'), (1467, 'C'), (1672, 'D'), (1661, 'D'), (1249, 'D2'), (1038, 'D'), (1497, 'E1'), (746, 'E'), (1841, 'C'), (1706, 'D1'), (1709, 'D'), (351, 'A'), (1185, 'D'), (1817, 'B'), (1647, 'D'), (1713, 'D'), (1768, 'D'), (1834, 'D'), (1517, 'D'), (1799, 'C'), (1394, 'A'), (1658, 'C'), (1821, 'D'), (1715, 'D'), (1691, 'D'), (1704, 'D'), (575, 'D'), (1847, 'D'), (478, 'C'), (1650, 'E'), (1358, 'D'), (1651, 'D'), (20, 'C'), (1547, 'F'), (894, 'B'), (339, 'D'), (1213, 'G'), (1554, 'C'), (1849, 'D'), (1598, 'D'), (1743, 'D'), (991, 'E'), (1787, 'D'), (1864, 'D'), (1492, 'D'), (702, 'D'), (1285, 'D'), (1109, 'B'), (1468, 'J'), (1835, 'A'), (1721, 'D'), (1186, 'C'), (1108, 'E1'), (739, 'A'), (1848, 'C'), (1694, 'D'), (1681, 'D'), (1749, 'D'), (1670, 'D'), (1203, 'D2'), (292, 'D'), (1870, 'D'), (1774, 'E'), (1272, 'E'), (1245, 'D'), (1543, 'D1'), (1560, 'F1'), (1194, 'D'), (252, 'B'), (899, 'D'), (1009, 'D'), (747, 'D'), (1141, 'F2'), (1802, 'E'), (1430, 'E'), (1286, 'A'), (1700, 'D'), (1779, 'D'), (718, 'A'), (1845, 'D'), (1594, 'D'), (1583, 'D'), (1684, 'D'), (1739, 'D'), (1649, 'D'), (1794, 'D'), (1277, 'D'), (370, 'C'), (20, 'A'), (1619, 'E'), (1792, 'D'), (1717, 'D'), (1237, 'C1'), (1660, 'F1'), (1329, 'A'), (933, 'A'), (1015, 'E2'), (999, 'D'), (988, 'D'), (1360, 'G'), (1409, 'E'), (1081, 'E'), (1679, 'D'), (1758, 'D'), (1661, 'C'), (1355, 'C'), (1879, 'D'), (1624, 'G'), (1210, 'B'), (1426, 'E'), (1808, 'C'), (578, 'B'), (1491, 'C'), (1786, 'D'), (1775, 'D'), (1579, 'F'), (1656, 'D'), (1735, 'D'), (1462, 'F'), (883, 'H'), (1560, 'E'), (1625, 'C'), (553, 'B'), (1770, 'C'), (1537, 'D'), (479, 'E'), (1220, 'D'), (1335, 'E2'), (1296, 'E1'), (1824, 'B1'), (1114, 'D'), (1090, 'D'), (729, 'D'), (1675, 'F'), (711, 'C'), (1697, 'D'), (977, 'F'), (1750, 'D'), (1154, 'E'), (1554, 'D'), (1631, 'D'), (1151, 'C'), (1820, 'D'), (1525, 'D'), (1197, 'D'), (1659, 'D'), (1780, 'D'), (1618, 'E')}",201
cr7ro,1812,Yes,1812,"{(1721, 'D'), (1629, 'D'), (1779, 'D'), (1861, 'D'), (1688, 'C'), (1777, 'C'), (1799, 'C'), (1787, 'D'), (1739, 'D'), (1734, 'D'), (1735, 'D'), (1619, 'E'), (1678, 'B2'), (1776, 'F'), (1869, 'D1'), (1792, 'D'), (1866, 'C'), (1783, 'C')}",18
franv,1961,Yes,1961,"{(1835, 'A'), (1879, 'D'), (1225, 'D'), (1846, 'G'), (245, 'H'), (1869, 'D1'), (1791, 'G2'), (1808, 'C'), (1841, 'C'), (1846, 'E2'), (1797, 'D'), (1786, 'D'), (1810, 'D'), (1821, 'D'), (1770, 'C'), (1829, 'H'), (1873, 'H'), (1862, 'F'), (1843, 'F1'), (1279, 'D'), (1814, 'B'), (1798, 'C'), (1462, 'E2'), (1809, 'D'), (1787, 'D'), (1846, 'F'), (220, 'B')}",27
sleepwalking643,1877,Yes,1877,"{(1480, 'D1'), (937, 'C'), (1637, 'D'), (1793, 'D'), (1421, 'D'), (1476, 'D'), (1397, 'D'), (1091, 'D'), (1340, 'B'), (1130, 'D2'), (1709, 'C'), (1478, 'D'), (1678, 'D'), (276, 'D'), (1611, 'E1'), (1174, 'D'), (1451, 'D'), (1867, 'D'), (1453, 'C'), (1543, 'C'), (1365, 'D'), (1325, 'D'), (1692, 'H'), (1486, 'C2'), (1617, 'D1'), (1400, 'B'), (1501, 'C'), (1629, 'D'), (1556, 'C'), (1688, 'C'), (1626, 'C'), (1382, 'D'), (1365, 'E'), (1382, 'C2'), (1056, 'C'), (1494, 'C'), (1430, 'D'), (1388, 'C'), (1467, 'C'), (1672, 'D'), (1661, 'D'), (1644, 'E'), (1586, 'C'), (1497, 'E1'), (1480, 'C'), (1706, 'D1'), (1709, 'D'), (1368, 'D'), (1051, 'D'), (1491, 'D'), (45, 'D'), (1550, 'C'), (1527, 'B2'), (1517, 'D'), (1799, 'C'), (1658, 'C'), (1504, 'D'), (1475, 'D'), (1453, 'D'), (1422, 'C'), (20, 'C'), (1678, 'B2'), (1440, 'C2'), (1435, 'C'), (33, 'C'), (1809, 'D'), (1384, 'C'), (1375, 'D'), (1516, 'C'), (1130, 'D1'), (1465, 'C'), (1463, 'C'), (1681, 'D'), (1443, 'D'), (1467, 'B'), (1543, 'D1'), (1359, 'C'), (1392, 'D'), (1471, 'D'), (1473, 'D'), (1684, 'D'), (1673, 'D'), (1105, 'D'), (1619, 'E'), (1360, 'F'), (1579, 'E2'), (1435, 'D'), (1393, 'C'), (1556, 'D'), (1660, 'F1'), (1701, 'D'), (1450, 'D'), (1490, 'G'), (1443, 'F'), (1485, 'C'), (1474, 'C'), (1679, 'D'), (1661, 'C'), (1428, 'D'), (1879, 'D'), (1611, 'E2'), (1466, 'E'), (1688, 'E'), (1722, 'F'), (1608, 'C'), (1586, 'D'), (1478, 'C'), (1786, 'D'), (1469, 'D'), (1579, 'F'), (1546, 'D'), (1384, 'B1'), (1462, 'F'), (1420, 'D'), (1675, 'F'), (1798, 'C'), (1631, 'D'), (1462, 'E2'), (1525, 'D'), (1659, 'D'), (1635, 'D'), (946, 'D'), (1618, 'E')}",123
koneco,1885,Yes,1885,"{(1721, 'D'), (1758, 'D'), (1705, 'D'), (1793, 'D'), (1799, 'D1'), (1722, 'F'), (1841, 'C'), (1706, 'D1'), (1775, 'D'), (1689, 'D'), (1810, 'D'), (1735, 'D'), (1821, 'D'), (1823, 'D'), (1715, 'C'), (1715, 'D'), (1704, 'D'), (1805, 'D'), (1744, 'E2'), (1759, 'G'), (1750, 'D'), (1708, 'D'), (1699, 'C'), (1809, 'D')}",24
ammar_shaikh,2094,Yes,2094,"{(1509, 'C'), (1421, 'D'), (1500, 'A'), (1118, 'F1'), (1714, 'G'), (1015, 'E1'), (1267, 'J'), (1582, 'F1'), (474, 'D'), (1451, 'D'), (1776, 'F'), (1257, 'D'), (1228, 'C'), (1644, 'D'), (1626, 'C'), (1833, 'F'), (1538, 'D'), (1365, 'E'), (1872, 'F'), (1825, 'D1'), (1269, 'C'), (1630, 'B'), (919, 'D'), (1846, 'E2'), (1550, 'C'), (1527, 'B2'), (1713, 'D'), (1687, 'B'), (467, 'C'), (1468, 'F'), (1475, 'G'), (1849, 'D'), (1598, 'D'), (1743, 'D'), (1173, 'C'), (1492, 'D'), (816, 'C'), (1702, 'G1'), (1773, 'K'), (1648, 'C'), (1108, 'E1'), (1705, 'D'), (1774, 'E'), (1467, 'B'), (1272, 'E'), (1359, 'C'), (1405, 'D'), (1092, 'F'), (1473, 'D'), (1792, 'D'), (1579, 'E2'), (1435, 'D'), (1173, 'D'), (1554, 'B'), (1571, 'D'), (1360, 'G'), (1409, 'E'), (1732, 'C1'), (1474, 'C'), (1485, 'C'), (1324, 'F'), (1621, 'C'), (1466, 'E'), (1722, 'F'), (1696, 'D'), (835, 'D'), (1735, 'D'), (1552, 'D'), (1697, 'D'), (1759, 'G'), (161, 'D'), (1693, 'B'), (888, 'E'), (1442, 'B'), (1853, 'C'), (1237, 'C2'), (1765, 'D'), (1525, 'D'), (1714, 'F'), (1659, 'D'), (1738, 'D'), (1476, 'D'), (1225, 'D'), (1856, 'E1'), (1561, 'D1'), (245, 'H'), (1777, 'C'), (1689, 'D'), (1678, 'D'), (276, 'D'), (1176, 'D'), (1700, 'C'), (1267, 'E'), (1583, 'C'), (1746, 'D'), (1479, 'A'), (1324, 'E'), (1439, 'A2'), (1256, 'C'), (1661, 'D'), (1672, 'D'), (1846, 'G'), (1644, 'E'), (1480, 'C'), (1119, 'D'), (472, 'D'), (1768, 'D'), (1517, 'D'), (1799, 'C'), (1719, 'D1'), (1851, 'F'), (1691, 'D'), (1847, 'D'), (1585, 'D'), (1118, 'D2'), (1678, 'B2'), (1512, 'F'), (1248, 'C'), (1809, 'D'), (1787, 'D'), (1384, 'C'), (1316, 'C'), (1772, 'E'), (1721, 'D'), (1848, 'C'), (1463, 'C'), (1749, 'D'), (1509, 'D'), (1628, 'B'), (1327, 'E'), (1152, 'C'), (1471, 'D'), (1707, 'B'), (1852, 'B'), (1802, 'E'), (1779, 'D'), (1684, 'D'), (1673, 'D'), (1141, 'F1'), (1611, 'F'), (1814, 'B'), (1619, 'E'), (1360, 'F'), (1156, 'B'), (1695, 'C'), (1446, 'B'), (1237, 'C1'), (1228, 'D'), (1015, 'E2'), (1384, 'D'), (1463, 'D'), (448, 'D'), (1426, 'E'), (1608, 'C'), (1491, 'C'), (1000, 'C'), (1656, 'D'), (1482, 'D'), (1114, 'D'), (1495, 'B'), (1807, 'F'), (1367, 'D'), (1690, 'F'), (1820, 'D'), (1569, 'D'), (1637, 'D'), (1782, 'D'), (1833, 'G'), (1793, 'D'), (1179, 'B'), (1118, 'E'), (1600, 'E'), (1505, 'E'), (1861, 'D'), (1709, 'C'), (1592, 'C'), (1174, 'D'), (1611, 'E1'), (1823, 'D'), (1543, 'C'), (808, 'D'), (1551, 'D1'), (1486, 'C2'), (1534, 'D'), (1508, 'B'), (1855, 'C2'), (1573, 'C'), (1747, 'D'), (1467, 'C'), (1674, 'F'), (1216, 'C'), (1497, 'E1'), (1706, 'D1'), (1709, 'D'), (1436, 'D'), (1267, 'L'), (1834, 'D'), (1651, 'D'), (1740, 'E'), (1729, 'E'), (1528, 'B'), (1554, 'C'), (1728, 'D'), (1208, 'C'), (1602, 'D'), (1613, 'D'), (1178, 'E'), (1516, 'C'), (1468, 'J'), (1850, 'H'), (1681, 'D'), (1558, 'B'), (1670, 'D'), (1826, 'D'), (1203, 'D2'), (1760, 'G'), (1227, 'C'), (831, 'C'), (1543, 'D1'), (1731, 'C'), (582, 'A'), (1777, 'D'), (1141, 'F2'), (1475, 'F'), (1286, 'A'), (1700, 'D'), (1845, 'D'), (1583, 'D'), (1594, 'D'), (1739, 'D'), (1354, 'D'), (1843, 'F1'), (1822, 'F'), (1562, 'D1'), (1818, 'D'), (1556, 'D'), (1660, 'F1'), (1701, 'D'), (1305, 'D'), (1593, 'D2'), (1450, 'D'), (1490, 'G'), (1758, 'D'), (600, 'C'), (1401, 'D'), (1808, 'C'), (1575, 'D'), (1557, 'C'), (1731, 'D'), (1469, 'D'), (822, 'D'), (1384, 'B1'), (1560, 'E'), (1625, 'C'), (1770, 'C'), (1537, 'D'), (1719, 'D2'), (1420, 'D'), (1191, 'D'), (1750, 'D'), (1154, 'E'), (1635, 'D'), (1780, 'D'), (1618, 'E'), (1720, 'D1'), (1367, 'E'), (1480, 'D1'), (1666, 'L'), (1859, 'D'), (1799, 'D1'), (1027, 'D'), (1571, 'E'), (1810, 'D'), (1759, 'F'), (1715, 'C'), (1867, 'D'), (1627, 'D'), (1365, 'D'), (1692, 'H'), (1617, 'D1'), (1783, 'C'), (1688, 'C'), (1666, 'C'), (1734, 'D'), (1512, 'G'), (1221, 'D'), (1494, 'C'), (1802, 'D'), (1395, 'D'), (1388, 'C'), (4, 'D'), (1729, 'F'), (1300, 'D'), (1326, 'D2'), (1620, 'E'), (1841, 'C'), (1619, 'D'), (1491, 'D'), (1647, 'D'), (1702, 'F'), (1000, 'D'), (1381, 'B'), (1658, 'C'), (1821, 'D'), (1552, 'C'), (1704, 'D'), (1715, 'D'), (16, 'C'), (1453, 'D'), (1475, 'D'), (1744, 'E2'), (1650, 'E'), (1547, 'F'), (1678, 'E'), (1620, 'C'), (1477, 'A'), (1176, 'E'), (1118, 'C'), (1254, 'A'), (1545, 'B'), (1846, 'F'), (1437, 'C'), (1465, 'C'), (479, 'D'), (1157, 'C2'), (1560, 'F1'), (1194, 'D'), (1187, 'C'), (1254, 'B1'), (1829, 'H'), (1649, 'D'), (1548, 'B'), (1805, 'D'), (1794, 'D'), (1119, 'E'), (1141, 'E'), (1717, 'D'), (1725, 'M'), (1699, 'C'), (1800, 'F'), (1679, 'D'), (1661, 'C'), (1428, 'D'), (1611, 'E2'), (1624, 'G'), (1822, 'G1'), (1791, 'G2'), (1478, 'C'), (1797, 'D'), (1775, 'D'), (1535, 'D'), (1579, 'F'), (1462, 'F'), (1118, 'D1'), (1836, 'C'), (300, 'C'), (608, 'D'), (1442, 'A'), (1675, 'F'), (1798, 'C'), (1554, 'D'), (1725, 'H'), (1208, 'D'), (1444, 'B'), (946, 'D')}",365
Aurora_Wind,1893,Yes,1893,"{(1406, 'C'), (4, 'D'), (1869, 'D1'), (1245, 'D'), (1852, 'A'), (1861, 'D'), (58, 'C'), (45, 'D'), (1707, 'B'), (3, 'C'), (1852, 'B'), (41, 'E'), (1868, 'B1'), (1867, 'D'), (1862, 'F'), (1528, 'B'), (55, 'C'), (1807, 'F'), (1508, 'A'), (670, 'E'), (57, 'C'), (1290, 'B'), (1864, 'D'), (471, 'D'), (1076, 'D'), (1545, 'B'), (1335, 'E1'), (1872, 'F'), (607, 'B')}",29
MacneilOnTable,1871,Yes,1871,"{(776, 'C'), (584, 'D'), (1809, 'D'), (1853, 'D'), (1734, 'D'), (1834, 'D'), (221, 'D'), (1692, 'H')}",8
666EGOR777,1893,Yes,1893,"{(1721, 'D'), (1679, 'D'), (466, 'C'), (1661, 'C'), (1509, 'C'), (1637, 'D'), (1681, 'D'), (1749, 'D'), (1611, 'E2'), (1833, 'G'), (1826, 'D'), (1661, 'D'), (1621, 'C'), (1500, 'A'), (1846, 'G'), (1688, 'E'), (1620, 'E'), (1586, 'C'), (1608, 'C'), (1497, 'E1'), (1706, 'D1'), (1575, 'D'), (1777, 'C'), (1709, 'D'), (1846, 'E2'), (1582, 'F1'), (1678, 'D'), (1579, 'F'), (1535, 'D'), (1471, 'D'), (1625, 'C'), (1658, 'C'), (1821, 'D'), (1770, 'C'), (1482, 'D'), (1611, 'E1'), (1504, 'D'), (1845, 'D'), (1704, 'D'), (1691, 'D'), (1594, 'D'), (1673, 'D'), (1627, 'D'), (1739, 'D'), (1862, 'F'), (1697, 'D'), (1651, 'D'), (1650, 'E'), (1528, 'B'), (1678, 'B2'), (1619, 'E'), (1611, 'F'), (1325, 'D'), (1692, 'H'), (1141, 'E'), (1579, 'E2'), (1798, 'C'), (1631, 'D'), (1701, 'D'), (1644, 'D'), (1626, 'C'), (1833, 'F'), (1659, 'D'), (1635, 'D'), (1613, 'D'), (1602, 'D'), (1593, 'D2'), (1569, 'D'), (1490, 'G'), (1468, 'J')}",70
Mihai999,1800,Yes,1800,"{(1850, 'H'), (1674, 'F'), (1826, 'D'), (1846, 'G'), (1856, 'E1'), (1822, 'G1'), (1808, 'C'), (1841, 'C'), (1846, 'E2'), (1797, 'D'), (1713, 'D'), (1834, 'D'), (5, 'C'), (1821, 'D'), (1836, 'C'), (1823, 'D'), (1845, 'D'), (1862, 'F'), (1547, 'F'), (1822, 'F'), (1818, 'D'), (1787, 'D'), (1820, 'D'), (1864, 'D'), (1833, 'F'), (1846, 'F'), (1855, 'C2'), (1842, 'D')}",28
ahmad_alghadban,2127,Yes,2127,"{(1509, 'C'), (630, 'I'), (1421, 'D'), (1118, 'F1'), (1133, 'E'), (1582, 'F1'), (1172, 'A'), (1082, 'D'), (1267, 'J'), (813, 'C'), (1163, 'C2'), (939, 'E'), (1295, 'D'), (1451, 'D'), (1873, 'H'), (1268, 'A'), (1776, 'F'), (1325, 'D'), (1501, 'C'), (1644, 'D'), (1626, 'C'), (1833, 'F'), (1382, 'D'), (1538, 'D'), (1365, 'E'), (717, 'D'), (691, 'E'), (919, 'D'), (1713, 'D'), (1066, 'D'), (1468, 'F'), (1475, 'G'), (1213, 'G'), (1849, 'D'), (1435, 'C'), (1598, 'D'), (1743, 'D'), (991, 'E'), (1492, 'D'), (1096, 'D'), (1477, 'B'), (1109, 'B'), (1108, 'E1'), (1549, 'D'), (1443, 'D'), (1774, 'E'), (1177, 'B'), (1467, 'B'), (1283, 'E'), (1359, 'C'), (1405, 'D'), (1092, 'F'), (25, 'C'), (1328, 'D'), (1484, 'D'), (1473, 'D'), (797, 'C'), (1792, 'D'), (1579, 'E2'), (1196, 'E'), (1435, 'D'), (1010, 'C'), (1554, 'B'), (1649, 'E'), (1063, 'B'), (1409, 'E'), (1485, 'C'), (1474, 'C'), (1324, 'F'), (1621, 'C'), (1466, 'E'), (952, 'D'), (1735, 'D'), (518, 'D'), (1824, 'B1'), (1759, 'G'), (161, 'D'), (687, 'B'), (280, 'B'), (1442, 'B'), (1631, 'D'), (1765, 'D'), (1369, 'D'), (1107, 'D'), (1034, 'A'), (627, 'A'), (1738, 'D'), (1476, 'D'), (1225, 'D'), (818, 'D'), (1856, 'E1'), (1777, 'C'), (1148, 'D'), (1678, 'D'), (1304, 'D'), (1042, 'D'), (1176, 'D'), (1746, 'D'), (1244, 'D'), (1400, 'D'), (1083, 'A'), (1324, 'E'), (1556, 'C'), (1708, 'D'), (1005, 'E1'), (1252, 'H'), (803, 'C'), (1335, 'E1'), (1382, 'C2'), (979, 'B'), (1256, 'C'), (1430, 'D'), (1023, 'D'), (1016, 'C'), (1644, 'E'), (1586, 'C'), (1480, 'C'), (1073, 'C'), (1119, 'D'), (109, 'B'), (1799, 'C'), (1719, 'D1'), (1394, 'A'), (1396, 'B'), (1847, 'D'), (1422, 'C'), (1334, 'D'), (20, 'C'), (1678, 'B2'), (1512, 'F'), (339, 'D'), (1290, 'B'), (803, 'D'), (1316, 'C'), (1721, 'D'), (1463, 'C'), (1749, 'D'), (1509, 'D'), (1327, 'E'), (1472, 'E'), (1152, 'C'), (1471, 'D'), (1802, 'E'), (958, 'F2'), (989, 'C'), (621, 'C'), (1619, 'E'), (1360, 'F'), (1156, 'B'), (1329, 'A'), (933, 'A'), (988, 'D'), (1406, 'C'), (1213, 'E'), (1307, 'D'), (1463, 'D'), (61, 'D'), (1227, 'D2'), (778, 'A'), (1426, 'E'), (1491, 'C'), (148, 'D'), (923, 'C'), (120, 'J'), (1129, 'A1'), (1367, 'D'), (1138, 'B'), (1462, 'E2'), (1820, 'D'), (1569, 'D'), (16, 'E'), (559, 'B'), (1155, 'D'), (1637, 'D'), (1793, 'D'), (1833, 'G'), (1397, 'D'), (1179, 'B'), (1709, 'C'), (1861, 'D'), (1592, 'C'), (818, 'E'), (1823, 'D'), (126, 'B'), (1543, 'C'), (25, 'D'), (1321, 'D'), (808, 'D'), (1551, 'D1'), (1486, 'C2'), (1629, 'D'), (77, 'B'), (1534, 'D'), (1283, 'D'), (1747, 'D'), (1496, 'D'), (1467, 'C'), (1216, 'C'), (1249, 'D2'), (1497, 'E1'), (1706, 'D1'), (1709, 'D'), (1447, 'D'), (1436, 'D'), (1267, 'L'), (813, 'B'), (1504, 'D'), (1398, 'D'), (1651, 'D'), (1740, 'E'), (1729, 'E'), (1440, 'C2'), (1728, 'D'), (1129, 'A2'), (1208, 'C'), (1613, 'D'), (1250, 'B'), (1516, 'C'), (1681, 'D'), (1670, 'D'), (1190, 'B'), (1062, 'D'), (1543, 'D1'), (1392, 'D'), (1475, 'F'), (1207, 'D'), (1195, 'D2'), (1286, 'A'), (3, 'B'), (1739, 'D'), (1354, 'D'), (1081, 'D'), (1818, 'D'), (1393, 'C'), (1556, 'D'), (1660, 'F1'), (484, 'A'), (1593, 'D2'), (295, 'B'), (33, 'B'), (167, 'B'), (1067, 'B'), (1758, 'D'), (1355, 'C'), (1401, 'D'), (1016, 'D'), (1280, 'B'), (1586, 'D'), (1557, 'C'), (1469, 'D'), (1625, 'C'), (1335, 'E2'), (1719, 'D2'), (1420, 'D'), (1299, 'B'), (1750, 'D'), (1154, 'E'), (1635, 'D'), (1780, 'D'), (1077, 'E'), (1618, 'E'), (1010, 'B'), (1720, 'D1'), (1480, 'D1'), (1250, 'J'), (796, 'C'), (1666, 'L'), (1093, 'D'), (697, 'D'), (1799, 'D1'), (983, 'B'), (1529, 'D'), (1759, 'F'), (5, 'C'), (1715, 'C'), (1453, 'C'), (1627, 'D'), (1365, 'D'), (1783, 'C'), (1400, 'B'), (1666, 'C'), (1734, 'D'), (1512, 'G'), (1076, 'D'), (1221, 'D'), (1494, 'C'), (1802, 'D'), (1388, 'C'), (1729, 'F'), (1326, 'D2'), (926, 'B'), (1038, 'D'), (1620, 'E'), (1841, 'C'), (1619, 'D'), (1368, 'D'), (1491, 'D'), (1647, 'D'), (1658, 'C'), (1821, 'D'), (1552, 'C'), (1704, 'D'), (1715, 'D'), (1301, 'C'), (1475, 'D'), (1453, 'D'), (817, 'D'), (1650, 'E'), (1547, 'F'), (1620, 'C'), (1477, 'A'), (1136, 'D'), (1030, 'D'), (1175, 'D'), (1249, 'D1'), (1437, 'C'), (1835, 'A'), (1186, 'C'), (1465, 'C'), (1282, 'C'), (1445, 'D'), (1042, 'C'), (1187, 'C'), (1254, 'B1'), (1430, 'E'), (597, 'C'), (1649, 'D'), (1794, 'D'), (1286, 'B'), (1217, 'C'), (1717, 'D'), (1077, 'F1'), (471, 'D'), (986, 'B'), (1183, 'H'), (1428, 'D'), (1624, 'G'), (1791, 'G2'), (1478, 'C'), (1797, 'D'), (1775, 'D'), (1579, 'F'), (1535, 'D'), (540, 'D'), (1462, 'F'), (1509, 'E'), (1296, 'E1'), (300, 'C'), (1090, 'D'), (1554, 'D'), (1151, 'C'), (946, 'D'), (1338, 'B'), (533, 'E')}",354
124q,1943,Yes,1943,"{(1821, 'D'), (1849, 'D'), (1798, 'C'), (1717, 'D'), (1848, 'C'), (1715, 'D'), (1691, 'D'), (1208, 'C'), (1793, 'D'), (1805, 'D'), (1794, 'D'), (1713, 'D'), (1799, 'C'), (1722, 'F')}",14
Cleary,1878,Yes,1878,"{(1821, 'D'), (1845, 'D'), (1848, 'C'), (1818, 'D'), (1799, 'C'), (1719, 'D2'), (1847, 'D'), (1833, 'G'), (1826, 'D'), (1702, 'F'), (1833, 'F'), (1822, 'F'), (1719, 'D1'), (1825, 'D1'), (1822, 'G1')}",15
figdan,2017,Yes,2017,"{(1480, 'D1'), (627, 'A'), (1036, 'C'), (1637, 'D'), (893, 'D'), (180, 'D'), (1859, 'D'), (1476, 'D'), (1093, 'D'), (1118, 'F1'), (1130, 'D2'), (1262, 'D2'), (219, 'D'), (1856, 'E1'), (1561, 'D1'), (455, 'B'), (294, 'B'), (1260, 'C'), (1027, 'D'), (1861, 'D'), (1582, 'F1'), (1009, 'C'), (1148, 'D'), (1581, 'C'), (1592, 'C'), (1810, 'D'), (507, 'C'), (135, 'C'), (276, 'D'), (1176, 'D'), (61, 'E'), (1132, 'C'), (1371, 'E1'), (1095, 'E'), (1823, 'D'), (1451, 'D'), (1867, 'D'), (316, 'G1'), (126, 'B'), (1453, 'C'), (131, 'E'), (1255, 'D'), (1321, 'D'), (1400, 'D'), (1365, 'D'), (1244, 'D'), (1131, 'F'), (577, 'B'), (1783, 'C'), (1556, 'C'), (1257, 'D'), (1228, 'C'), (1216, 'E1'), (1644, 'D'), (148, 'E'), (1382, 'D'), (552, 'C'), (1144, 'F'), (1221, 'D'), (1365, 'E'), (598, 'D'), (1855, 'C2'), (1439, 'A2'), (1573, 'C'), (1747, 'D'), (1430, 'D'), (1333, 'C'), (1388, 'C'), (1825, 'D1'), (1586, 'C'), (691, 'E'), (1841, 'C'), (1480, 'C'), (1436, 'D'), (1051, 'D'), (1491, 'D'), (1185, 'D'), (1251, 'D'), (1000, 'D'), (221, 'D'), (547, 'B'), (1504, 'D'), (1396, 'B'), (1398, 'D'), (106, 'C'), (55, 'C'), (44, 'H'), (961, 'E'), (1475, 'G'), (20, 'C'), (339, 'D'), (1213, 'G'), (459, 'E'), (1248, 'C'), (1066, 'E'), (1292, 'B'), (1849, 'D'), (1176, 'E'), (1598, 'D'), (1215, 'D'), (1853, 'D'), (1864, 'D'), (1384, 'C'), (1096, 'D'), (1230, 'D'), (1516, 'C'), (1130, 'D1'), (1694, 'D'), (1203, 'D2'), (543, 'A'), (1146, 'C'), (1870, 'D'), (358, 'D'), (1247, 'D'), (118, 'D'), (1157, 'C2'), (1467, 'B'), (1255, 'E1'), (1148, 'C'), (1359, 'C'), (1187, 'C'), (463, 'C'), (1405, 'D'), (1392, 'D'), (1009, 'D'), (1209, 'D'), (1141, 'F2'), (214, 'D'), (1430, 'E'), (1092, 'F'), (1185, 'C2'), (1286, 'A'), (1207, 'D'), (1473, 'D'), (225, 'C'), (687, 'C'), (1594, 'D'), (1114, 'C'), (1578, 'H'), (1862, 'F'), (1805, 'D'), (1354, 'D'), (174, 'C'), (1141, 'F1'), (1695, 'C'), (1562, 'D1'), (1119, 'E'), (1446, 'B'), (1141, 'E'), (482, 'B'), (656, 'A'), (1393, 'C'), (1556, 'D'), (777, 'D'), (1228, 'D'), (471, 'D'), (1554, 'B'), (999, 'D'), (1450, 'D'), (1384, 'D'), (1287, 'C'), (792, 'D'), (1406, 'C'), (1732, 'C1'), (1474, 'C'), (935, 'D'), (1362, 'D'), (1428, 'D'), (1624, 'G'), (61, 'D'), (1401, 'D'), (1466, 'E'), (1276, 'B'), (1688, 'E'), (1869, 'D1'), (1426, 'E'), (1586, 'D'), (1491, 'C'), (1478, 'C'), (1797, 'D'), (1469, 'D'), (1535, 'D'), (835, 'D'), (439, 'D'), (1561, 'D2'), (1384, 'B1'), (978, 'G'), (1353, 'E'), (1625, 'C'), (553, 'B'), (769, 'D'), (479, 'E'), (300, 'C'), (518, 'D'), (1420, 'D'), (1675, 'F'), (546, 'D'), (1367, 'D'), (1154, 'E'), (449, 'A'), (69, 'E'), (768, 'C'), (1303, 'D'), (1230, 'C'), (1369, 'D'), (1525, 'D'), (1635, 'D'), (16, 'E'), (1367, 'E')}",209
Pervushev,1868,Yes,1868,"{(1861, 'D'), (1853, 'C'), (1867, 'D'), (1850, 'H'), (1848, 'C'), (1879, 'D'), (1866, 'C'), (1853, 'D'), (1870, 'D'), (1872, 'F'), (1869, 'D1')}",11
0x0000,1805,Yes,1805,"{(1721, 'D'), (191, 'C'), (1850, 'H'), (409, 'A'), (1333, 'C'), (543, 'A'), (910, 'C'), (409, 'D'), (1833, 'G'), (1859, 'D'), (585, 'B'), (1856, 'E1'), (1869, 'D1'), (1822, 'G1'), (776, 'C'), (1073, 'C'), (1133, 'E'), (1861, 'D'), (1777, 'C'), (1709, 'C'), (1775, 'D'), (1238, 'D'), (1689, 'D'), (1696, 'D'), (459, 'D'), (1042, 'D'), (1735, 'D'), (952, 'B'), (1092, 'F'), (1854, 'A2'), (1770, 'C'), (1746, 'D'), (3, 'B'), (126, 'B'), (1715, 'C'), (784, 'C'), (1594, 'D'), (1684, 'D'), (1114, 'D'), (7, 'C'), (1354, 'D'), (1037, 'D'), (896, 'A'), (1759, 'G'), (161, 'D'), (656, 'F'), (1156, 'B'), (1486, 'C2'), (1617, 'D1'), (1579, 'E2'), (1063, 'B'), (1061, 'C'), (1849, 'D'), (14, 'E'), (1136, 'D'), (33, 'C'), (1809, 'D'), (484, 'A'), (1864, 'D'), (1701, 'D'), (220, 'B'), (409, 'C'), (1328, 'E'), (372, 'B'), (1221, 'D'), (229, 'B'), (409, 'F'), (1404, 'B'), (911, 'D')}",69
Ahmed_Aladdin,1807,Yes,1807,"{(1036, 'C'), (1793, 'D'), (1833, 'G'), (1859, 'D'), (1118, 'F1'), (1782, 'D'), (118, 'C'), (294, 'C'), (1714, 'G'), (1799, 'D1'), (1856, 'E1'), (1118, 'E'), (1861, 'D'), (1777, 'C'), (1176, 'D'), (1759, 'F'), (1700, 'C'), (61, 'E'), (287, 'B'), (1867, 'D'), (1873, 'H'), (1776, 'F'), (1692, 'H'), (1783, 'C'), (1216, 'E1'), (1734, 'D'), (1833, 'F'), (598, 'D'), (1872, 'F'), (1157, 'D'), (1674, 'F'), (1729, 'F'), (1216, 'C'), (1672, 'D'), (1846, 'G'), (1841, 'C'), (1846, 'E2'), (1702, 'F'), (1768, 'D'), (1834, 'D'), (1799, 'C'), (1851, 'F'), (1847, 'D'), (1118, 'D2'), (1729, 'E'), (1213, 'G'), (1728, 'D'), (1849, 'D'), (1176, 'E'), (1118, 'C'), (1809, 'D'), (1864, 'D'), (1772, 'E'), (1848, 'C'), (1549, 'D'), (1681, 'D'), (1670, 'D'), (1826, 'D'), (1870, 'D'), (1760, 'G'), (1157, 'C2'), (1283, 'E'), (404, 'C'), (1543, 'D1'), (1731, 'C'), (1560, 'F1'), (1141, 'F2'), (1157, 'E'), (1141, 'G'), (1328, 'D'), (1779, 'D'), (1700, 'D'), (1473, 'D'), (621, 'C'), (1829, 'H'), (1739, 'D'), (1862, 'F'), (1843, 'F1'), (271, 'D'), (1805, 'D'), (1794, 'D'), (1141, 'F1'), (1814, 'B'), (1354, 'D'), (1611, 'F'), (1822, 'F'), (1792, 'D'), (1141, 'E'), (1725, 'M'), (1818, 'D'), (1077, 'F1'), (1213, 'E'), (1679, 'D'), (1661, 'C'), (1879, 'D'), (1621, 'C'), (567, 'D'), (1869, 'D1'), (1822, 'G1'), (1808, 'C'), (1696, 'D'), (1797, 'D'), (1775, 'D'), (1353, 'E'), (1625, 'C'), (1118, 'D1'), (1770, 'C'), (1836, 'C'), (146, 'D'), (22, 'C'), (1759, 'G'), (1807, 'F'), (977, 'F'), (1750, 'D'), (1154, 'E'), (1798, 'C'), (1853, 'C'), (1765, 'D'), (1725, 'H'), (1635, 'D'), (1328, 'E'), (1780, 'D'), (1618, 'E'), (1866, 'C'), (1720, 'D1')}",125
adwsaef,1852,Yes,1852,"{(1333, 'C'), (1782, 'D'), (1324, 'F'), (1320, 'B'), (1799, 'D1'), (1774, 'E'), (1313, 'B'), (1777, 'C'), (1731, 'C'), (1731, 'D'), (1267, 'J'), (1267, 'L'), (947, 'C'), (228, 'E'), (1779, 'D'), (1310, 'A'), (1301, 'C'), (1332, 'D'), (1794, 'D'), (1312, 'D'), (1324, 'E'), (1325, 'D'), (1792, 'D'), (1783, 'C'), (1787, 'D'), (1734, 'D'), (1613, 'D'), (220, 'B'), (1329, 'B')}",29
eklavya_k,1837,Yes,1837,"{(1509, 'C'), (1637, 'D'), (1738, 'D'), (1793, 'D'), (1500, 'A'), (1859, 'D'), (1666, 'L'), (1714, 'G'), (1799, 'D1'), (1856, 'E1'), (1561, 'D1'), (1600, 'E'), (1709, 'C'), (1861, 'D'), (1582, 'F1'), (1777, 'C'), (1505, 'E'), (1689, 'D'), (1592, 'C'), (1810, 'D'), (1819, 'B'), (463, 'D'), (351, 'B'), (1759, 'F'), (1172, 'B'), (1700, 'C'), (61, 'E'), (1611, 'E1'), (1583, 'C'), (1746, 'D'), (1823, 'D'), (1715, 'C'), (1867, 'D'), (1627, 'D'), (1692, 'H'), (1551, 'D1'), (1486, 'C2'), (1617, 'D1'), (1556, 'C'), (1677, 'C'), (1666, 'C'), (1688, 'C'), (1534, 'D'), (1644, 'D'), (1734, 'D'), (1508, 'B'), (1626, 'C'), (1855, 'C2'), (1842, 'D'), (1747, 'D'), (1802, 'D'), (1674, 'F'), (1729, 'F'), (1661, 'D'), (1672, 'D'), (1846, 'G'), (1644, 'E'), (1620, 'E'), (1630, 'B'), (173, 'B'), (1841, 'C'), (1706, 'D1'), (1619, 'D'), (1709, 'D'), (1491, 'D'), (1801, 'C'), (1817, 'B'), (1702, 'F'), (1713, 'D'), (1647, 'D'), (1768, 'D'), (1834, 'D'), (1517, 'D'), (1687, 'B'), (1851, 'F'), (1658, 'C'), (1821, 'D'), (1552, 'C'), (1704, 'D'), (1715, 'D'), (1781, 'D'), (1691, 'D'), (1847, 'D'), (1585, 'D'), (1650, 'E'), (1744, 'E2'), (1729, 'E'), (1740, 'E'), (1678, 'B2'), (1512, 'F'), (1651, 'D'), (1554, 'C'), (1728, 'D'), (1066, 'E'), (1620, 'C'), (1477, 'A'), (1849, 'D'), (1598, 'D'), (1743, 'D'), (1809, 'D'), (1787, 'D'), (1864, 'D'), (1853, 'D'), (1613, 'D'), (1702, 'G1'), (1773, 'K'), (1677, 'B'), (1437, 'C'), (1772, 'E'), (1648, 'C'), (1721, 'D'), (1848, 'C'), (1705, 'D'), (1681, 'D'), (1749, 'D'), (1718, 'A2'), (1826, 'D'), (1670, 'D'), (1870, 'D'), (1760, 'G'), (1774, 'E'), (1278, 'C'), (1628, 'B'), (1784, 'B'), (1313, 'C2'), (1245, 'D'), (1773, 'A'), (1560, 'F1'), (1731, 'C'), (582, 'A'), (1777, 'D'), (1707, 'B'), (1601, 'B'), (1801, 'B'), (1700, 'D'), (1845, 'D'), (1583, 'D'), (1673, 'D'), (1578, 'H'), (1739, 'D'), (1862, 'F'), (1843, 'F1'), (1037, 'D'), (271, 'D'), (1081, 'D'), (1805, 'D'), (1814, 'B'), (1794, 'D'), (1548, 'B'), (1822, 'F'), (1611, 'F'), (1619, 'E'), (1792, 'D'), (1562, 'D1'), (1579, 'E2'), (1594, 'D'), (1695, 'C'), (1717, 'D'), (1725, 'M'), (1699, 'C'), (1580, 'A'), (1556, 'D'), (1660, 'F1'), (1701, 'D'), (1305, 'D'), (1593, 'D2'), (1800, 'F'), (1554, 'B'), (1505, 'D'), (1063, 'B'), (1732, 'C1'), (1679, 'D'), (1758, 'D'), (1661, 'C'), (1879, 'D'), (1611, 'E2'), (1624, 'G'), (1621, 'C'), (1466, 'E'), (1648, 'B'), (1722, 'F'), (1869, 'D1'), (1608, 'C'), (1822, 'G1'), (1791, 'G2'), (1808, 'C'), (1575, 'D'), (1557, 'C'), (1731, 'D'), (1696, 'D'), (1797, 'D'), (1775, 'D'), (1535, 'D'), (1579, 'F'), (1656, 'D'), (1735, 'D'), (1560, 'E'), (1625, 'C'), (1572, 'A'), (1836, 'C'), (1824, 'B1'), (1552, 'D'), (1675, 'F'), (1697, 'D'), (1759, 'G'), (1684, 'D'), (1693, 'B'), (1690, 'F'), (687, 'B'), (1750, 'D'), (1798, 'C'), (1853, 'C'), (1554, 'D'), (1765, 'D'), (1718, 'A1'), (1725, 'H'), (1525, 'D'), (1569, 'D'), (1659, 'D'), (1714, 'F'), (1635, 'D'), (1780, 'D'), (1618, 'E'), (1866, 'C'), (1720, 'D1')}",225
Palestinian_Tornado,1863,Yes,1863,"{(627, 'A'), (915, 'C'), (1155, 'D'), (630, 'I'), (948, 'D'), (862, 'C'), (1342, 'D'), (1093, 'D'), (1091, 'D'), (1225, 'D'), (818, 'D'), (219, 'D'), (1015, 'E1'), (1027, 'D'), (1777, 'C'), (1082, 'D'), (1238, 'D'), (459, 'D'), (1383, 'A'), (276, 'D'), (1176, 'D'), (463, 'D'), (5, 'C'), (474, 'D'), (111, 'B'), (287, 'B'), (1132, 'C'), (1295, 'D'), (126, 'B'), (1092, 'C'), (25, 'D'), (1365, 'D'), (808, 'D'), (1692, 'H'), (1486, 'C2'), (577, 'B'), (1783, 'C'), (1257, 'D'), (1005, 'E1'), (1006, 'D'), (845, 'D'), (803, 'C'), (1833, 'F'), (486, 'C'), (1076, 'D'), (1221, 'D'), (1365, 'E'), (35, 'B'), (598, 'D'), (1430, 'D'), (706, 'D'), (1388, 'C'), (1674, 'F'), (448, 'C'), (1249, 'D2'), (732, 'D'), (1076, 'E'), (691, 'E'), (1269, 'C'), (622, 'C'), (1619, 'D'), (919, 'D'), (1051, 'D'), (296, 'D'), (1185, 'D'), (1251, 'D'), (472, 'D'), (234, 'F'), (1000, 'D'), (813, 'B'), (1398, 'D'), (1301, 'C'), (1847, 'D'), (1202, 'D'), (817, 'D'), (1279, 'D'), (1651, 'D'), (20, 'C'), (427, 'C'), (1334, 'D'), (828, 'D'), (339, 'D'), (22, 'D'), (1728, 'D'), (1066, 'E'), (1176, 'E'), (1215, 'D'), (57, 'C'), (702, 'D'), (1175, 'D'), (803, 'D'), (1096, 'D'), (1316, 'C'), (1249, 'D1'), (1437, 'C'), (1516, 'C'), (911, 'D'), (660, 'D'), (1146, 'C'), (1681, 'D'), (1670, 'D'), (1203, 'D2'), (118, 'D'), (1760, 'G'), (1177, 'B'), (1467, 'B'), (1283, 'E'), (776, 'C'), (1327, 'E'), (1543, 'D1'), (622, 'D'), (1731, 'C'), (1359, 'C'), (1560, 'F1'), (371, 'D'), (1187, 'C'), (1315, 'D'), (560, 'D'), (1009, 'D'), (1209, 'D'), (51, 'C'), (1430, 'E'), (1185, 'C2'), (1207, 'D'), (1328, 'D'), (1473, 'D'), (632, 'C'), (1829, 'H'), (597, 'C'), (225, 'C'), (797, 'C'), (1843, 'F1'), (1794, 'D'), (1354, 'D'), (665, 'D'), (1611, 'F'), (1037, 'D'), (20, 'A'), (1619, 'E'), (1360, 'F'), (1156, 'B'), (1579, 'E2'), (1061, 'C'), (1217, 'C'), (1725, 'M'), (1818, 'D'), (242, 'C'), (1660, 'F1'), (1701, 'D'), (1015, 'E2'), (1800, 'F'), (1593, 'D2'), (999, 'D'), (988, 'D'), (257, 'C'), (792, 'D'), (193, 'A'), (295, 'B'), (1360, 'G'), (1213, 'E'), (1732, 'C1'), (1474, 'C'), (466, 'C'), (1661, 'C'), (990, 'D'), (600, 'C'), (1016, 'D'), (778, 'A'), (448, 'D'), (1822, 'G1'), (1731, 'D'), (873, 'D'), (1775, 'D'), (1469, 'D'), (1000, 'C'), (1579, 'F'), (1073, 'D'), (439, 'D'), (1735, 'D'), (1560, 'E'), (978, 'G'), (1836, 'C'), (1537, 'D'), (479, 'E'), (300, 'C'), (584, 'D'), (652, 'D'), (1295, 'B'), (863, 'D'), (22, 'C'), (1312, 'D'), (546, 'D'), (612, 'D'), (678, 'D'), (888, 'E'), (977, 'F'), (1154, 'E'), (953, 'B'), (1631, 'D'), (1303, 'D'), (834, 'C'), (1462, 'E2'), (691, 'D'), (1107, 'D'), (1197, 'D'), (1207, 'E'), (1328, 'E'), (1077, 'E')}",208
LFYao,1804,Yes,1804,"{(1821, 'D'), (1797, 'D'), (1782, 'D'), (1826, 'D'), (1825, 'D1')}",5
Wy_g,1878,Yes,1878,"{(1793, 'D'), (1833, 'G'), (1859, 'D'), (1782, 'D'), (1799, 'D1'), (1856, 'E1'), (1709, 'C'), (1861, 'D'), (1777, 'C'), (1810, 'D'), (1759, 'F'), (1746, 'D'), (1823, 'D'), (1867, 'D'), (1783, 'C'), (1734, 'D'), (1833, 'F'), (1872, 'F'), (1855, 'C2'), (1842, 'D'), (1747, 'D'), (1802, 'D'), (1846, 'G'), (1825, 'D1'), (1841, 'C'), (1846, 'E2'), (1801, 'C'), (1817, 'B'), (1768, 'D'), (1834, 'D'), (1799, 'C'), (1851, 'F'), (1821, 'D'), (1691, 'D'), (1847, 'D'), (1475, 'D'), (1453, 'D'), (1744, 'E2'), (1729, 'E'), (1740, 'E'), (1475, 'G'), (1678, 'B2'), (1728, 'D'), (1849, 'D'), (1743, 'D'), (1809, 'D'), (1787, 'D'), (1864, 'D'), (1853, 'D'), (1846, 'F'), (1772, 'E'), (1848, 'C'), (1749, 'D'), (1826, 'D'), (1870, 'D'), (1760, 'G'), (1774, 'E'), (1773, 'A'), (1731, 'C'), (1777, 'D'), (1475, 'F'), (1779, 'D'), (1845, 'D'), (1829, 'H'), (1739, 'D'), (1862, 'F'), (1794, 'D'), (1843, 'F1'), (1805, 'D'), (1814, 'B'), (1822, 'F'), (1792, 'D'), (1725, 'M'), (1800, 'F'), (1732, 'C1'), (1758, 'D'), (1879, 'D'), (1869, 'D1'), (1791, 'G2'), (1808, 'C'), (1731, 'D'), (1797, 'D'), (1775, 'D'), (1770, 'C'), (1759, 'G'), (1807, 'F'), (1750, 'D'), (1798, 'C'), (1853, 'C'), (1631, 'D'), (1820, 'D'), (1635, 'D'), (1780, 'D')}",93
GennadiySosnov,1859,Yes,1859,"{(1307, 'D'), (466, 'C'), (1681, 'D'), (1879, 'D'), (1793, 'D'), (4, 'D'), (1729, 'F'), (1670, 'D'), (96, 'D'), (1841, 'C'), (1797, 'D'), (1775, 'D'), (1810, 'D'), (1768, 'D'), (1834, 'D'), (474, 'D'), (5, 'C'), (1770, 'C'), (1746, 'D'), (1779, 'D'), (914, 'D'), (597, 'C'), (1873, 'H'), (1867, 'D'), (95, 'C'), (478, 'C'), (1829, 'H'), (25, 'D'), (1365, 'D'), (1037, 'D'), (1729, 'E'), (161, 'D'), (20, 'A'), (1814, 'B'), (1807, 'F'), (339, 'D'), (20, 'C'), (95, 'B'), (1257, 'D'), (1176, 'E'), (1554, 'D'), (1809, 'D'), (1369, 'D'), (1725, 'H'), (1644, 'D'), (1328, 'E'), (1780, 'D'), (1360, 'G')}",48
Zhuangpx,1866,Yes,1866,"{(1732, 'C1'), (1706, 'D1'), (1717, 'D'), (1848, 'C'), (1802, 'D'), (1704, 'D'), (1701, 'D'), (1734, 'D'), (1661, 'D'), (1611, 'F'), (1619, 'E'), (1799, 'D1'), (1799, 'C'), (1608, 'C'), (1720, 'D1'), (1620, 'C')}",16
drath10,1985,Yes,1985,"{(1509, 'C'), (1637, 'D'), (1738, 'D'), (1793, 'D'), (1833, 'G'), (1782, 'D'), (1666, 'L'), (1500, 'A'), (1714, 'G'), (1856, 'E1'), (1600, 'E'), (1709, 'C'), (1777, 'C'), (1582, 'F1'), (1689, 'D'), (1592, 'C'), (1810, 'D'), (1700, 'C'), (1823, 'D'), (1715, 'C'), (1873, 'H'), (1268, 'A'), (1479, 'A'), (1325, 'D'), (1692, 'H'), (1551, 'D1'), (1486, 'C2'), (1617, 'D1'), (1783, 'C'), (1677, 'C'), (1688, 'C'), (1644, 'D'), (1734, 'D'), (493, 'D'), (1833, 'F'), (1512, 'G'), (1538, 'D'), (1842, 'D'), (1747, 'D'), (1802, 'D'), (1430, 'D'), (1674, 'F'), (1729, 'F'), (1661, 'D'), (1326, 'D2'), (1620, 'E'), (1825, 'D1'), (1269, 'C'), (1497, 'E1'), (1841, 'C'), (1706, 'D1'), (1619, 'D'), (1709, 'D'), (1817, 'B'), (1647, 'D'), (1550, 'C'), (1702, 'F'), (1768, 'D'), (1713, 'D'), (1834, 'D'), (1658, 'C'), (1821, 'D'), (1396, 'B'), (478, 'C'), (1847, 'D'), (1651, 'D'), (1740, 'E'), (1744, 'E2'), (1729, 'E'), (1547, 'F'), (20, 'C'), (1554, 'C'), (1728, 'D'), (1176, 'E'), (1598, 'D'), (1743, 'D'), (1809, 'D'), (1787, 'D'), (1864, 'D'), (1492, 'D'), (1375, 'D'), (1702, 'G1'), (1773, 'K'), (1516, 'C'), (1772, 'E'), (1721, 'D'), (1549, 'D'), (1670, 'D'), (1749, 'D'), (1718, 'A2'), (1826, 'D'), (1681, 'D'), (1760, 'G'), (1774, 'E'), (1628, 'B'), (1467, 'B'), (1272, 'E'), (1731, 'C'), (1707, 'B'), (1700, 'D'), (1779, 'D'), (1473, 'D'), (1583, 'D'), (1673, 'D'), (1684, 'D'), (1354, 'D'), (1805, 'D'), (1611, 'F'), (1619, 'E'), (1792, 'D'), (1695, 'C'), (1446, 'B'), (1699, 'C'), (1556, 'D'), (1660, 'F1'), (1701, 'D'), (1593, 'D2'), (1554, 'B'), (1732, 'C1'), (1474, 'C'), (466, 'C'), (1661, 'C'), (1758, 'D'), (1879, 'D'), (1621, 'C'), (1722, 'F'), (1791, 'G2'), (1808, 'C'), (1575, 'D'), (1557, 'C'), (1731, 'D'), (1797, 'D'), (1775, 'D'), (1469, 'D'), (1535, 'D'), (1656, 'D'), (1735, 'D'), (1462, 'F'), (1560, 'E'), (1572, 'A'), (1770, 'C'), (1537, 'D'), (1442, 'A'), (1552, 'D'), (1675, 'F'), (1495, 'B'), (1759, 'G'), (1807, 'F'), (1693, 'B'), (1690, 'F'), (1750, 'D'), (1798, 'C'), (1554, 'D'), (1765, 'D'), (1718, 'A1'), (1820, 'D'), (1462, 'E2'), (1725, 'H'), (1714, 'F'), (1659, 'D'), (1780, 'D'), (1404, 'B'), (1866, 'C'), (1720, 'D1')}",164
Mayur9agt,2033,Yes,2033,"{(1732, 'C1'), (1758, 'D'), (466, 'C'), (1694, 'D'), (1681, 'D'), (1670, 'D'), (1793, 'D'), (490, 'C'), (1859, 'D'), (1672, 'D'), (1637, 'D'), (1624, 'G'), (1621, 'C'), (1799, 'D1'), (219, 'D'), (1856, 'E1'), (1608, 'C'), (1709, 'C'), (1731, 'C'), (919, 'D'), (1709, 'D'), (1797, 'D'), (1696, 'D'), (1117, 'C'), (1592, 'C'), (1152, 'C'), (582, 'A'), (1678, 'D'), (1647, 'D'), (1557, 'C'), (1092, 'F'), (111, 'B'), (1700, 'C'), (1625, 'C'), (292, 'E'), (1658, 'C'), (1770, 'C'), (1611, 'E1'), (1746, 'D'), (1700, 'D'), (1537, 'D'), (1011, 'D'), (621, 'C'), (1691, 'D'), (1583, 'D'), (1673, 'D'), (25, 'D'), (1543, 'C'), (1365, 'D'), (1083, 'A'), (546, 'D'), (20, 'C'), (161, 'D'), (1475, 'G'), (1678, 'B2'), (339, 'D'), (1010, 'B'), (1551, 'D1'), (977, 'F'), (1617, 'D1'), (1554, 'C'), (1061, 'C'), (1477, 'A'), (1798, 'C'), (1708, 'D'), (1228, 'C'), (1688, 'C'), (1699, 'C'), (1468, 'D'), (1598, 'D'), (1556, 'D'), (1554, 'D'), (1085, 'D'), (1626, 'C'), (1554, 'B'), (1855, 'C2')}",76
Wolowitz,1842,Yes,1842,"{(1509, 'C'), (1265, 'D'), (1118, 'F1'), (1714, 'G'), (1582, 'F1'), (1238, 'D'), (831, 'D'), (813, 'C'), (463, 'D'), (474, 'D'), (61, 'E'), (1132, 'C'), (1295, 'D'), (1451, 'D'), (832, 'D'), (1776, 'F'), (1325, 'D'), (577, 'B'), (1501, 'C'), (1257, 'D'), (1228, 'C'), (1644, 'D'), (493, 'D'), (1626, 'C'), (1833, 'F'), (486, 'C'), (1382, 'D'), (1538, 'D'), (1365, 'E'), (1872, 'F'), (706, 'D'), (448, 'C'), (1825, 'D1'), (1269, 'C'), (622, 'C'), (919, 'D'), (1846, 'E2'), (505, 'C'), (1550, 'C'), (1713, 'D'), (1527, 'B2'), (547, 'B'), (980, 'C'), (467, 'C'), (478, 'C'), (1279, 'D'), (690, 'B1'), (1475, 'G'), (1213, 'G'), (459, 'E'), (1849, 'D'), (1435, 'C'), (1598, 'D'), (1743, 'D'), (1492, 'D'), (1096, 'D'), (1375, 'D'), (1702, 'G1'), (220, 'B'), (739, 'A'), (1549, 'D'), (1705, 'D'), (1694, 'D'), (1443, 'D'), (41, 'D'), (1337, 'D'), (1774, 'E'), (1467, 'B'), (1272, 'E'), (1283, 'E'), (459, 'C'), (622, 'D'), (1359, 'C'), (1092, 'F'), (1185, 'C2'), (228, 'E'), (25, 'C'), (1328, 'D'), (1484, 'D'), (1473, 'D'), (1204, 'C'), (1792, 'D'), (1579, 'E2'), (482, 'B'), (1435, 'D'), (1554, 'B'), (1649, 'E'), (1063, 'B'), (1360, 'G'), (1409, 'E'), (1485, 'C'), (1474, 'C'), (721, 'C'), (1324, 'F'), (1621, 'C'), (1466, 'E'), (1214, 'D'), (1696, 'D'), (1339, 'D'), (1361, 'A'), (518, 'D'), (1295, 'B'), (1552, 'D'), (1697, 'D'), (1759, 'G'), (161, 'D'), (1312, 'D'), (546, 'D'), (977, 'F'), (1631, 'D'), (1369, 'D'), (1525, 'D'), (1207, 'E'), (1659, 'D'), (1714, 'F'), (519, 'D'), (1404, 'B'), (1095, 'F'), (915, 'C'), (1738, 'D'), (1342, 'D'), (1476, 'D'), (1091, 'D'), (1225, 'D'), (818, 'D'), (219, 'D'), (455, 'B'), (1561, 'D1'), (349, 'B'), (1689, 'D'), (1678, 'D'), (1293, 'D'), (1304, 'D'), (1383, 'A'), (276, 'D'), (1700, 'C'), (802, 'A'), (1746, 'D'), (1244, 'D'), (1255, 'D'), (1400, 'D'), (1083, 'A'), (1324, 'E'), (1708, 'D'), (1206, 'D'), (698, 'B'), (803, 'C'), (552, 'C'), (1144, 'F'), (1335, 'E1'), (598, 'D'), (1382, 'C2'), (1256, 'C'), (1430, 'D'), (1672, 'D'), (510, 'D'), (1661, 'D'), (1846, 'G'), (1644, 'E'), (1586, 'C'), (1480, 'C'), (221, 'D'), (1517, 'D'), (1799, 'C'), (1719, 'D1'), (1691, 'D'), (1847, 'D'), (544, 'C'), (1422, 'C'), (427, 'C'), (1334, 'D'), (20, 'C'), (1678, 'B2'), (1512, 'F'), (339, 'D'), (1787, 'D'), (1809, 'D'), (803, 'D'), (1285, 'D'), (1316, 'C'), (1721, 'D'), (1463, 'C'), (1749, 'D'), (1509, 'D'), (118, 'D'), (739, 'B'), (1628, 'B'), (1278, 'C'), (1784, 'B'), (1327, 'E'), (1472, 'E'), (1152, 'C'), (1315, 'D'), (1471, 'D'), (1209, 'D'), (1802, 'E'), (456, 'D'), (1673, 'D'), (1684, 'D'), (1114, 'C'), (1862, 'F'), (271, 'D'), (1037, 'D'), (1611, 'F'), (1814, 'B'), (1619, 'E'), (1360, 'F'), (1695, 'C'), (161, 'B'), (1182, 'C'), (1237, 'C1'), (1228, 'D'), (1329, 'A'), (81, 'C'), (988, 'D'), (1213, 'E'), (1406, 'C'), (1307, 'D'), (1463, 'D'), (61, 'D'), (778, 'A'), (448, 'D'), (1608, 'C'), (85, 'B'), (1426, 'E'), (1491, 'C'), (1117, 'C'), (1656, 'D'), (1572, 'A'), (479, 'E'), (584, 'D'), (1114, 'D'), (711, 'C'), (1807, 'F'), (1367, 'D'), (1690, 'F'), (1281, 'C'), (1462, 'E2'), (1820, 'D'), (1155, 'D'), (1637, 'D'), (1782, 'D'), (1833, 'G'), (490, 'C'), (1397, 'D'), (1709, 'C'), (1861, 'D'), (459, 'D'), (1581, 'C'), (1592, 'C'), (1348, 'D'), (1330, 'C'), (1383, 'B'), (1611, 'E1'), (1371, 'E1'), (1823, 'D'), (126, 'B'), (1543, 'C'), (25, 'D'), (1321, 'D'), (802, 'B'), (141, 'C'), (808, 'D'), (1551, 'D1'), (1486, 'C2'), (1629, 'D'), (460, 'C'), (1283, 'D'), (1855, 'C2'), (1573, 'C'), (1747, 'D'), (1333, 'C'), (1496, 'D'), (1467, 'C'), (1674, 'F'), (1249, 'D2'), (1497, 'E1'), (1706, 'D1'), (1709, 'D'), (1436, 'D'), (1051, 'D'), (1447, 'D'), (296, 'D'), (1185, 'D'), (1834, 'D'), (1504, 'D'), (1253, 'D'), (106, 'C'), (1398, 'D'), (830, 'A'), (1651, 'D'), (1729, 'E'), (1554, 'C'), (1728, 'D'), (1215, 'D'), (1208, 'C'), (57, 'C'), (702, 'D'), (1613, 'D'), (1516, 'C'), (1670, 'D'), (1681, 'D'), (1203, 'D2'), (1826, 'D'), (675, 'D'), (1245, 'D'), (1227, 'C'), (1543, 'D1'), (743, 'D'), (833, 'A'), (582, 'A'), (1777, 'D'), (463, 'C'), (1392, 'D'), (1475, 'F'), (1286, 'A'), (1700, 'D'), (1845, 'D'), (1594, 'D'), (1739, 'D'), (1843, 'F1'), (1354, 'D'), (1332, 'D'), (1343, 'D'), (1822, 'F'), (1562, 'D1'), (1818, 'D'), (1393, 'C'), (242, 'C'), (1660, 'F1'), (1239, 'A'), (1701, 'D'), (1287, 'C'), (1450, 'D'), (1490, 'G'), (295, 'B'), (1758, 'D'), (1362, 'D'), (466, 'C'), (1355, 'C'), (1401, 'D'), (1648, 'B'), (1808, 'C'), (1575, 'D'), (1557, 'C'), (580, 'D'), (1469, 'D'), (1073, 'D'), (1560, 'E'), (1625, 'C'), (485, 'C'), (41, 'E'), (1537, 'D'), (1335, 'E2'), (1719, 'D2'), (1420, 'D'), (1191, 'D'), (1249, 'E'), (834, 'C'), (690, 'E1'), (1635, 'D'), (1328, 'E'), (1618, 'E'), (1367, 'E'), (1153, 'C'), (1480, 'D1'), (1036, 'C'), (1047, 'C'), (1859, 'D'), (1093, 'D'), (1799, 'D1'), (827, 'B'), (1529, 'D'), (1260, 'C'), (1810, 'D'), (5, 'C'), (287, 'B'), (1715, 'C'), (1453, 'C'), (1627, 'D'), (1365, 'D'), (1692, 'H'), (701, 'E'), (1783, 'C'), (1400, 'B'), (1688, 'C'), (1734, 'D'), (1512, 'G'), (1221, 'D'), (607, 'B'), (1494, 'C'), (1802, 'D'), (1395, 'D'), (1388, 'C'), (4, 'D'), (1729, 'F'), (382, 'C'), (1038, 'D'), (1326, 'D2'), (1620, 'E'), (1313, 'B'), (1841, 'C'), (1619, 'D'), (1368, 'D'), (1491, 'D'), (1647, 'D'), (1251, 'D'), (1702, 'F'), (1658, 'C'), (1821, 'D'), (1704, 'D'), (1715, 'D'), (1301, 'C'), (1475, 'D'), (1453, 'D'), (817, 'D'), (1744, 'E2'), (1358, 'D'), (1650, 'E'), (1547, 'F'), (1678, 'E'), (1620, 'C'), (1477, 'A'), (1176, 'E'), (385, 'C'), (1175, 'D'), (1249, 'D1'), (1437, 'C'), (1186, 'C'), (191, 'C'), (1465, 'C'), (1243, 'D'), (567, 'C'), (1111, 'B'), (1157, 'C2'), (1445, 'D'), (1560, 'F1'), (1194, 'D'), (1187, 'C'), (1254, 'B1'), (1330, 'D'), (1430, 'E'), (1157, 'E'), (1829, 'H'), (1649, 'D'), (1578, 'H'), (1548, 'B'), (1794, 'D'), (1805, 'D'), (548, 'D'), (1061, 'C'), (1217, 'C'), (1717, 'D'), (1699, 'C'), (1800, 'F'), (1183, 'H'), (1443, 'F'), (1679, 'D'), (1661, 'C'), (1611, 'E2'), (1624, 'G'), (1822, 'G1'), (1791, 'G2'), (1478, 'C'), (1797, 'D'), (1775, 'D'), (1546, 'D'), (1535, 'D'), (1579, 'F'), (540, 'D'), (144, 'D'), (1462, 'F'), (274, 'B'), (1353, 'E'), (1509, 'E'), (1836, 'C'), (300, 'C'), (1296, 'E1'), (1341, 'D'), (1675, 'F'), (339, 'C'), (984, 'D'), (1798, 'C'), (1554, 'D'), (1303, 'D'), (1197, 'D'), (1277, 'E')}",487
AgOH,1841,Yes,1841,"{(1679, 'D'), (1850, 'H'), (1802, 'D'), (1758, 'D'), (409, 'A'), (1681, 'D'), (1749, 'D'), (1793, 'D'), (1826, 'D'), (1859, 'D'), (1870, 'D'), (409, 'D'), (1846, 'G'), (1688, 'E'), (1825, 'D1'), (1709, 'C'), (1777, 'C'), (1731, 'D'), (1846, 'E2'), (1797, 'D'), (1786, 'D'), (1731, 'C'), (1709, 'D'), (1810, 'D'), (1735, 'D'), (1768, 'D'), (409, 'E'), (1851, 'F'), (1770, 'C'), (1836, 'C'), (1779, 'D'), (126, 'B'), (1746, 'D'), (1691, 'D'), (1037, 'D'), (1744, 'E2'), (1729, 'E'), (1807, 'F'), (1814, 'B'), (1690, 'F'), (1792, 'D'), (977, 'F'), (1728, 'D'), (1783, 'C'), (1750, 'D'), (1717, 'D'), (1818, 'D'), (1688, 'C'), (1743, 'D'), (1800, 'F'), (1063, 'B'), (1872, 'F'), (1842, 'D')}",53
dyktr_06,2041,Yes,2041,"{(1835, 'A'), (1732, 'C1'), (1721, 'D'), (1747, 'D'), (1850, 'H'), (1848, 'C'), (1758, 'D'), (1694, 'D'), (1879, 'D'), (1749, 'D'), (1738, 'D'), (1833, 'G'), (1729, 'F'), (1661, 'D'), (1661, 'C'), (1760, 'G'), (1799, 'D1'), (1774, 'E'), (1856, 'E1'), (1722, 'F'), (1825, 'D1'), (1869, 'D1'), (1852, 'A'), (1861, 'D'), (1777, 'C'), (1731, 'D'), (1731, 'C'), (1689, 'D'), (1777, 'D'), (1735, 'D'), (1768, 'D'), (1852, 'B'), (1799, 'C'), (1821, 'D'), (1770, 'C'), (1779, 'D'), (1715, 'C'), (1867, 'D'), (1873, 'H'), (1739, 'D'), (1862, 'F'), (1805, 'D'), (1744, 'E2'), (1729, 'E'), (1807, 'F'), (1814, 'B'), (1697, 'D'), (1692, 'H'), (1690, 'F'), (1695, 'C'), (1728, 'D'), (1750, 'D'), (1798, 'C'), (1743, 'D'), (1734, 'D'), (1800, 'F'), (1833, 'F'), (1872, 'F'), (1720, 'D1'), (1772, 'E')}",60
juruoA,1956,Yes,1956,"{(1485, 'C'), (1722, 'F'), (118, 'C'), (846, 'C'), (1862, 'F'), (1859, 'D'), (1856, 'E1')}",7
TrappedGhost,1820,Yes,1820,"{(1648, 'C'), (1852, 'A'), (869, 'C'), (1841, 'C'), (300, 'C'), (1867, 'D'), (1846, 'E2'), (1648, 'B'), (1852, 'B'), (1834, 'D'), (1856, 'E1'), (1869, 'D1'), (1866, 'C')}",13
chmpy,1801,Yes,1801,"{(1637, 'D'), (1833, 'G'), (1859, 'D'), (1714, 'G'), (1856, 'E1'), (1709, 'C'), (1861, 'D'), (1678, 'D'), (1810, 'D'), (1819, 'B'), (1759, 'F'), (1700, 'C'), (1295, 'D'), (1746, 'D'), (1823, 'D'), (1715, 'C'), (1867, 'D'), (1627, 'D'), (1365, 'D'), (1692, 'H'), (1131, 'F'), (577, 'B'), (1783, 'C'), (1629, 'D'), (1708, 'D'), (460, 'C'), (1688, 'C'), (698, 'B'), (1734, 'D'), (1626, 'C'), (1833, 'F'), (1842, 'D'), (1747, 'D'), (1729, 'F'), (1661, 'D'), (1846, 'G'), (1706, 'D1'), (1709, 'D'), (1702, 'F'), (1647, 'D'), (1713, 'D'), (1768, 'D'), (1834, 'D'), (1658, 'C'), (1821, 'D'), (1715, 'D'), (1704, 'D'), (1691, 'D'), (1847, 'D'), (817, 'D'), (1744, 'E2'), (1740, 'E'), (1729, 'E'), (1651, 'D'), (1678, 'B2'), (1213, 'G'), (1728, 'D'), (1743, 'D'), (1702, 'G1'), (1721, 'D'), (1705, 'D'), (1694, 'D'), (1749, 'D'), (1681, 'D'), (1826, 'D'), (1870, 'D'), (1760, 'G'), (1731, 'C'), (1700, 'D'), (1829, 'H'), (1684, 'D'), (1739, 'D'), (1862, 'F'), (1805, 'D'), (1814, 'B'), (1822, 'F'), (1792, 'D'), (1695, 'C'), (1717, 'D'), (1699, 'C'), (1701, 'D'), (1593, 'D2'), (1213, 'E'), (1732, 'C1'), (1474, 'C'), (1758, 'D'), (1661, 'C'), (1624, 'G'), (1060, 'D'), (1722, 'F'), (1822, 'G1'), (1791, 'G2'), (1731, 'D'), (1696, 'D'), (1797, 'D'), (1775, 'D'), (1656, 'D'), (1735, 'D'), (1697, 'D'), (1759, 'G'), (1690, 'F'), (1750, 'D'), (1798, 'C'), (1631, 'D'), (1714, 'F'), (1780, 'D'), (1720, 'D1')}",107
naumovRD,1802,Yes,1802,"{(559, 'B'), (1111, 'C'), (1850, 'H'), (1848, 'C'), (1833, 'G'), (1870, 'D'), (1714, 'G'), (1722, 'F'), (1869, 'D1'), (1822, 'G1'), (1709, 'D'), (1731, 'D'), (1777, 'C'), (1846, 'E2'), (1810, 'D'), (1735, 'D'), (1834, 'D'), (1799, 'C'), (1851, 'F'), (1770, 'C'), (1779, 'D'), (1715, 'C'), (1867, 'D'), (1873, 'H'), (1847, 'D'), (1805, 'D'), (1807, 'F'), (1814, 'B'), (1776, 'F'), (1822, 'F'), (1792, 'D'), (1783, 'C'), (1798, 'C'), (1853, 'C'), (1765, 'D'), (1864, 'D'), (1853, 'D'), (1833, 'F'), (1846, 'F'), (1872, 'F'), (1855, 'C2'), (1772, 'E')}",42
Chaska,1948,Yes,1948,"{(1034, 'A'), (627, 'A'), (1509, 'C'), (279, 'C'), (1637, 'D'), (490, 'C'), (134, 'B'), (294, 'C'), (219, 'D'), (455, 'B'), (827, 'B'), (983, 'B'), (294, 'B'), (349, 'B'), (798, 'C'), (109, 'C'), (1861, 'D'), (1172, 'A'), (459, 'D'), (1348, 'D'), (1810, 'D'), (507, 'C'), (575, 'H'), (45, 'C'), (276, 'D'), (498, 'A'), (463, 'D'), (5, 'C'), (474, 'D'), (1362, 'E'), (111, 'B'), (61, 'E'), (287, 'B'), (1132, 'C'), (182, 'E'), (1823, 'D'), (1715, 'C'), (126, 'B'), (1268, 'A'), (1453, 'C'), (25, 'D'), (1627, 'D'), (131, 'E'), (1400, 'D'), (1244, 'D'), (1776, 'F'), (577, 'B'), (1257, 'D'), (769, 'D'), (1019, 'A'), (460, 'C'), (77, 'B'), (1688, 'C'), (1534, 'D'), (148, 'E'), (493, 'D'), (1626, 'C'), (486, 'C'), (1382, 'D'), (321, 'A'), (1076, 'D'), (1538, 'D'), (1144, 'F'), (552, 'C'), (1287, 'D'), (1335, 'E1'), (1382, 'C2'), (1855, 'C2'), (607, 'B'), (464, 'A'), (343, 'C'), (1256, 'C'), (1333, 'C'), (1388, 'C'), (706, 'D'), (1674, 'F'), (4, 'D'), (1729, 'F'), (1672, 'D'), (448, 'C'), (382, 'C'), (1470, 'B'), (1326, 'D2'), (1038, 'D'), (327, 'C'), (1586, 'C'), (1076, 'E'), (685, 'A'), (283, 'B'), (439, 'C'), (505, 'C'), (309, 'C'), (472, 'D'), (14, 'C'), (3, 'C'), (547, 'B'), (1851, 'F'), (1394, 'A'), (452, 'B'), (1658, 'C'), (652, 'C'), (1396, 'B'), (1253, 'D'), (1398, 'D'), (467, 'C'), (1475, 'D'), (1847, 'D'), (894, 'C'), (830, 'A'), (1118, 'D2'), (216, 'C'), (1279, 'D'), (1729, 'E'), (388, 'B'), (1358, 'D'), (1475, 'G'), (894, 'B'), (1440, 'C2'), (1202, 'D'), (1213, 'G'), (961, 'E'), (459, 'E'), (1488, 'B'), (269, 'B'), (339, 'D'), (1066, 'E'), (1129, 'A2'), (1598, 'D'), (374, 'C'), (1270, 'D'), (385, 'C'), (691, 'C'), (1787, 'D'), (1864, 'D'), (1290, 'B'), (1096, 'D'), (1285, 'D'), (605, 'B'), (220, 'B'), (1437, 'C'), (489, 'D'), (660, 'D'), (191, 'C'), (631, 'C'), (1850, 'H'), (336, 'C'), (1463, 'C'), (543, 'A'), (1826, 'D'), (1870, 'D'), (358, 'D'), (567, 'C'), (118, 'D'), (367, 'B'), (1774, 'E'), (739, 'B'), (1278, 'C'), (1283, 'E'), (1313, 'C2'), (404, 'C'), (776, 'C'), (459, 'C'), (1472, 'E'), (1327, 'E'), (1359, 'C'), (833, 'A'), (371, 'D'), (1187, 'C'), (463, 'C'), (14, 'D'), (1852, 'B'), (69, 'D'), (496, 'D'), (989, 'C'), (1328, 'D'), (1845, 'D'), (1473, 'D'), (597, 'C'), (225, 'C'), (773, 'A'), (1343, 'D'), (1805, 'D'), (271, 'D'), (1105, 'D'), (557, 'C'), (1332, 'D'), (201, 'B'), (1360, 'F'), (1822, 'F'), (1792, 'D'), (1579, 'E2'), (216, 'B'), (1061, 'C'), (359, 'C'), (1818, 'D'), (482, 'B'), (242, 'C'), (484, 'A'), (1329, 'A'), (471, 'D'), (550, 'D'), (1239, 'A'), (1043, 'D'), (478, 'C'), (257, 'C'), (229, 'B'), (319, 'B'), (193, 'A'), (295, 'B'), (1360, 'G'), (1406, 'C'), (1485, 'C'), (1474, 'C'), (466, 'C'), (1362, 'D'), (301, 'A'), (160, 'C'), (1879, 'D'), (1355, 'C'), (457, 'A'), (61, 'D'), (578, 'A'), (1227, 'D2'), (442, 'B'), (1466, 'E'), (448, 'D'), (527, 'D'), (1869, 'D1'), (1426, 'E'), (1822, 'G1'), (1280, 'B'), (578, 'B'), (1586, 'D'), (873, 'D'), (580, 'D'), (1469, 'D'), (1579, 'F'), (1535, 'D'), (439, 'D'), (540, 'D'), (144, 'D'), (432, 'C'), (1462, 'F'), (20, 'C'), (274, 'B'), (353, 'B'), (148, 'D'), (1118, 'D1'), (540, 'B'), (923, 'C'), (1836, 'C'), (1129, 'A1'), (479, 'E'), (487, 'A'), (300, 'C'), (518, 'D'), (1310, 'A'), (914, 'D'), (1824, 'B1'), (1335, 'E2'), (1296, 'E1'), (584, 'D'), (339, 'C'), (546, 'D'), (161, 'D'), (623, 'A'), (106, 'C'), (1690, 'F'), (687, 'B'), (1249, 'E'), (977, 'F'), (888, 'E'), (1798, 'C'), (1853, 'C'), (198, 'A'), (625, 'A'), (79, 'C'), (1462, 'E2'), (1369, 'D'), (1525, 'D'), (363, 'D'), (1197, 'D'), (427, 'C'), (1444, 'B'), (519, 'D'), (372, 'B'), (559, 'B'), (321, 'B')}",288
Saanteye,1875,Yes,1875,"{(1859, 'D'), (1799, 'D1'), (1856, 'E1'), (1709, 'C'), (1777, 'C'), (1689, 'D'), (813, 'C'), (1810, 'D'), (1823, 'D'), (1715, 'C'), (1867, 'D'), (1627, 'D'), (808, 'D'), (1783, 'C'), (1688, 'C'), (803, 'C'), (1833, 'F'), (598, 'D'), (1872, 'F'), (1855, 'C2'), (1842, 'D'), (448, 'C'), (1846, 'G'), (1825, 'D1'), (691, 'E'), (622, 'C'), (1841, 'C'), (1647, 'D'), (1768, 'D'), (1799, 'C'), (1851, 'F'), (813, 'B'), (1821, 'D'), (652, 'C'), (1847, 'D'), (817, 'D'), (1678, 'B2'), (1849, 'D'), (1787, 'D'), (1809, 'D'), (1864, 'D'), (1096, 'D'), (803, 'D'), (660, 'D'), (1850, 'H'), (1153, 'D'), (1705, 'D'), (1694, 'D'), (1826, 'D'), (1870, 'D'), (1774, 'E'), (1731, 'C'), (1777, 'D'), (1779, 'D'), (1845, 'D'), (632, 'C'), (1862, 'F'), (1843, 'F1'), (1805, 'D'), (1105, 'D'), (1794, 'D'), (1814, 'B'), (1822, 'F'), (1156, 'B'), (1792, 'D'), (1695, 'C'), (1701, 'D'), (1732, 'C1'), (600, 'C'), (1879, 'D'), (1869, 'D1'), (1822, 'G1'), (1731, 'D'), (1786, 'D'), (1770, 'C'), (1836, 'C'), (652, 'D'), (612, 'D'), (678, 'D'), (1798, 'C'), (1853, 'C'), (1765, 'D'), (1635, 'D'), (1328, 'E'), (1780, 'D'), (1404, 'B')}",86
m_vid,1809,Yes,1809,"{(1721, 'D'), (1591, 'D'), (1573, 'C'), (1679, 'D'), (1637, 'D'), (1611, 'E2'), (1793, 'D'), (1718, 'A2'), (1729, 'F'), (1870, 'D'), (1666, 'L'), (1674, 'F'), (1624, 'G'), (1621, 'C'), (1869, 'D1'), (1709, 'C'), (1861, 'D'), (1582, 'F1'), (1696, 'D'), (1775, 'D'), (1810, 'D'), (1707, 'B'), (538, 'D'), (1834, 'D'), (1625, 'C'), (1658, 'C'), (1611, 'E1'), (1779, 'D'), (1845, 'D'), (1867, 'D'), (1715, 'D'), (1715, 'C'), (1691, 'D'), (1684, 'D'), (1673, 'D'), (1627, 'D'), (1805, 'D'), (1794, 'D'), (1675, 'F'), (1729, 'E'), (1611, 'F'), (1695, 'C'), (1620, 'C'), (1849, 'D'), (1629, 'D'), (1725, 'M'), (1718, 'A1'), (1853, 'D'), (1725, 'H'), (1644, 'D'), (1833, 'F'), (1613, 'D'), (1635, 'D'), (1618, 'E'), (1855, 'C2'), (1720, 'D1')}",56
Cornflakes,2132,Yes,2132,"{(1480, 'D1'), (1494, 'C'), (1465, 'C'), (1558, 'B'), (1467, 'C'), (1483, 'B'), (510, 'D'), (1466, 'E'), (1320, 'B'), (909, 'E'), (1426, 'E'), (1467, 'B'), (1313, 'C2'), (1491, 'C'), (1557, 'C'), (1582, 'F1'), (1491, 'D'), (1392, 'D'), (540, 'D'), (474, 'D'), (148, 'D'), (1451, 'D'), (1398, 'D'), (106, 'D'), (848, 'B'), (696, 'B'), (269, 'B'), (1508, 'A'), (982, 'D'), (1580, 'A'), (1492, 'D'), (1305, 'D'), (1508, 'B'), (1450, 'D'), (1375, 'D'), (372, 'B'), (101, 'B'), (1516, 'C'), (1439, 'A2')}",39
dajeff,1819,Yes,1819,"{(1802, 'D'), (1879, 'D'), (1793, 'D'), (1814, 'B'), (1799, 'C'), (888, 'E')}",6
UltraFalcon,1841,Yes,1841,"{(1034, 'A'), (1108, 'E1'), (1846, 'G'), (1861, 'D'), (1846, 'E2'), (1304, 'D'), (1713, 'D'), (1462, 'F'), (1396, 'B'), (1335, 'E2'), (1845, 'D'), (1867, 'D'), (1594, 'D'), (1847, 'D'), (797, 'C'), (1740, 'E'), (20, 'C'), (1783, 'C'), (1743, 'D'), (1809, 'D'), (1864, 'D'), (1554, 'B'), (1846, 'F'), (1335, 'E1'), (1866, 'C')}",25
wtc,2011,Yes,2011,"{(1848, 'C'), (1879, 'D'), (1870, 'D'), (1688, 'E'), (1797, 'D'), (1836, 'C'), (1868, 'B1'), (1845, 'D'), (784, 'C'), (1873, 'H'), (1847, 'D'), (1744, 'E2'), (161, 'D'), (1792, 'D'), (1783, 'C'), (1818, 'D'), (1534, 'D'), (1743, 'D'), (1864, 'D'), (1734, 'D')}",20
SmuggingSpun,1901,Yes,1901,"{(1791, 'G2'), (1798, 'C'), (1853, 'C'), (1848, 'C'), (1845, 'D'), (1829, 'H'), (1420, 'D'), (1853, 'D'), (1833, 'G'), (1833, 'F'), (1444, 'B'), (1807, 'F'), (1801, 'B'), (1842, 'D')}",14
steven2022,1976,Yes,1976,"{(1034, 'A'), (1155, 'D'), (1036, 'C'), (1509, 'C'), (1637, 'D'), (1342, 'D'), (1500, 'A'), (1833, 'G'), (1859, 'D'), (1225, 'D'), (455, 'B'), (1856, 'E1'), (349, 'B'), (1381, 'A2'), (1861, 'D'), (1777, 'C'), (1709, 'C'), (1238, 'D'), (459, 'D'), (1348, 'D'), (276, 'D'), (463, 'D'), (5, 'C'), (1759, 'F'), (474, 'D'), (1700, 'C'), (61, 'E'), (1371, 'E1'), (1295, 'D'), (1823, 'D'), (1451, 'D'), (1867, 'D'), (126, 'B'), (25, 'D'), (1244, 'D'), (1627, 'D'), (1479, 'A'), (1400, 'D'), (1264, 'B'), (1365, 'D'), (808, 'D'), (1325, 'D'), (1324, 'E'), (1486, 'C2'), (1508, 'A'), (577, 'B'), (1783, 'C'), (1400, 'B'), (1283, 'D'), (493, 'D'), (1626, 'C'), (486, 'C'), (1833, 'F'), (1144, 'F'), (1336, 'B'), (1538, 'D'), (1221, 'D'), (1335, 'E1'), (598, 'D'), (1365, 'E'), (607, 'B'), (1747, 'D'), (1333, 'C'), (706, 'D'), (1467, 'C'), (1388, 'C'), (4, 'D'), (1470, 'B'), (448, 'C'), (1479, 'B1'), (1038, 'D'), (1326, 'D2'), (1620, 'E'), (1841, 'C'), (1619, 'D'), (1709, 'D'), (1368, 'D'), (1436, 'D'), (505, 'C'), (1491, 'D'), (1251, 'D'), (1550, 'C'), (1527, 'B2'), (1768, 'D'), (1205, 'B'), (1517, 'D'), (547, 'B'), (1381, 'B'), (1394, 'A'), (1658, 'C'), (1821, 'D'), (1396, 'B'), (1691, 'D'), (467, 'C'), (1301, 'C'), (1475, 'D'), (1398, 'D'), (478, 'C'), (1744, 'E2'), (1729, 'E'), (427, 'C'), (1334, 'D'), (1475, 'G'), (1512, 'F'), (1678, 'B2'), (339, 'D'), (1358, 'D'), (20, 'C'), (1554, 'C'), (1728, 'D'), (1849, 'D'), (1176, 'E'), (385, 'C'), (1743, 'D'), (1809, 'D'), (1787, 'D'), (1864, 'D'), (1853, 'D'), (1096, 'D'), (1492, 'D'), (1285, 'D'), (1545, 'B'), (1702, 'G1'), (1375, 'D'), (1316, 'C'), (1437, 'C'), (1516, 'C'), (191, 'C'), (1848, 'C'), (1749, 'D'), (1826, 'D'), (1870, 'D'), (118, 'D'), (1760, 'G'), (1190, 'B'), (1628, 'B'), (1467, 'B'), (1272, 'E'), (1313, 'C2'), (1245, 'D'), (1327, 'E'), (459, 'C'), (1560, 'F1'), (1731, 'C'), (1359, 'C'), (1152, 'C'), (1777, 'D'), (463, 'C'), (1092, 'F'), (1430, 'E'), (1854, 'A2'), (1286, 'A'), (25, 'C'), (1700, 'D'), (1779, 'D'), (1473, 'D'), (1328, 'D'), (1684, 'D'), (1548, 'B'), (1354, 'D'), (1805, 'D'), (271, 'D'), (1037, 'D'), (1343, 'D'), (1739, 'D'), (1814, 'B'), (1360, 'F'), (1792, 'D'), (1562, 'D1'), (1695, 'C'), (1446, 'B'), (1699, 'C'), (1393, 'C'), (484, 'A'), (1329, 'A'), (1554, 'B'), (1063, 'B'), (295, 'B'), (1409, 'E'), (1360, 'G'), (1406, 'C'), (1485, 'C'), (1474, 'C'), (1307, 'D'), (466, 'C'), (1355, 'C'), (1324, 'F'), (1401, 'D'), (1466, 'E'), (778, 'A'), (448, 'D'), (1426, 'E'), (1791, 'G2'), (1808, 'C'), (1117, 'C'), (1478, 'C'), (1731, 'D'), (1797, 'D'), (1469, 'D'), (1535, 'D'), (1656, 'D'), (1735, 'D'), (1384, 'B1'), (1462, 'F'), (1560, 'E'), (1353, 'E'), (1625, 'C'), (1242, 'B'), (1572, 'A'), (1836, 'C'), (1537, 'D'), (300, 'C'), (1335, 'E2'), (1296, 'E1'), (1442, 'A'), (1420, 'D'), (1824, 'B1'), (1295, 'B'), (1114, 'D'), (1552, 'D'), (1495, 'B'), (1759, 'G'), (161, 'D'), (1367, 'D'), (546, 'D'), (1249, 'E'), (977, 'F'), (1798, 'C'), (1413, 'C'), (1853, 'C'), (1554, 'D'), (1303, 'D'), (1462, 'E2'), (1369, 'D'), (1525, 'D'), (1207, 'E'), (1444, 'B'), (1328, 'E'), (1780, 'D'), (1338, 'B'), (559, 'B'), (1404, 'B')}",242
xmucp,1843,Yes,1843,"{(1637, 'D'), (1793, 'D'), (1833, 'G'), (1859, 'D'), (1856, 'E1'), (1709, 'C'), (1861, 'D'), (1777, 'C'), (1810, 'D'), (1759, 'F'), (1700, 'C'), (1715, 'C'), (1867, 'D'), (1873, 'H'), (1692, 'H'), (1783, 'C'), (1688, 'C'), (1666, 'C'), (1644, 'D'), (1734, 'D'), (1626, 'C'), (1833, 'F'), (1872, 'F'), (1674, 'F'), (1672, 'D'), (1630, 'B'), (1841, 'C'), (1706, 'D1'), (1709, 'D'), (1846, 'E2'), (1647, 'D'), (1702, 'F'), (1713, 'D'), (1768, 'D'), (1799, 'C'), (1851, 'F'), (1658, 'C'), (1821, 'D'), (1691, 'D'), (1781, 'D'), (1651, 'D'), (1740, 'E'), (1729, 'E'), (1678, 'B2'), (1728, 'D'), (1849, 'D'), (1743, 'D'), (1809, 'D'), (1864, 'D'), (1702, 'G1'), (1846, 'F'), (1677, 'B'), (1772, 'E'), (1721, 'D'), (1848, 'C'), (1850, 'H'), (1705, 'D'), (1681, 'D'), (1670, 'D'), (1826, 'D'), (1870, 'D'), (1760, 'G'), (1628, 'B'), (1852, 'A'), (1731, 'C'), (1707, 'B'), (1852, 'B'), (958, 'F2'), (1801, 'B'), (1854, 'A2'), (1700, 'D'), (1779, 'D'), (1845, 'D'), (1829, 'H'), (1684, 'D'), (1843, 'F1'), (1862, 'F'), (1814, 'B'), (1792, 'D'), (1695, 'C'), (1699, 'C'), (1660, 'F1'), (1701, 'D'), (1732, 'C1'), (1758, 'D'), (1661, 'C'), (1879, 'D'), (1621, 'C'), (1648, 'B'), (1722, 'F'), (1869, 'D1'), (1822, 'G1'), (1791, 'G2'), (1731, 'D'), (1656, 'D'), (1735, 'D'), (1625, 'C'), (1770, 'C'), (1836, 'C'), (1824, 'B1'), (1675, 'F'), (1697, 'D'), (1693, 'B'), (1690, 'F'), (1750, 'D'), (1798, 'C'), (1718, 'A1'), (1635, 'D'), (1780, 'D'), (1720, 'D1')}",110
tgp07,1841,Yes,1841,"{(1509, 'C'), (1265, 'D'), (1738, 'D'), (1342, 'D'), (1793, 'D'), (1782, 'D'), (1421, 'D'), (1666, 'L'), (1500, 'A'), (1476, 'D'), (1225, 'D'), (1561, 'D1'), (1294, 'E'), (1777, 'C'), (1582, 'F1'), (1238, 'D'), (1678, 'D'), (1592, 'C'), (1581, 'C'), (1348, 'D'), (1810, 'D'), (780, 'D'), (1362, 'E'), (1184, 'E1'), (1383, 'B'), (1611, 'E1'), (1371, 'E1'), (1583, 'C'), (1451, 'D'), (1200, 'D'), (1453, 'C'), (1400, 'D'), (1365, 'D'), (1264, 'B'), (1551, 'D1'), (1783, 'C'), (1501, 'C'), (1411, 'C'), (1556, 'C'), (1708, 'D'), (1629, 'D'), (1413, 'D'), (1666, 'C'), (1468, 'D'), (1216, 'E1'), (1644, 'D'), (1734, 'D'), (1508, 'B'), (1626, 'C'), (1512, 'G'), (1538, 'D'), (1365, 'E'), (1842, 'D'), (1439, 'A2'), (1573, 'C'), (1430, 'D'), (1674, 'F'), (1672, 'D'), (1216, 'C'), (781, 'B'), (1479, 'B1'), (1434, 'A'), (1630, 'B'), (1497, 'E1'), (1841, 'C'), (1619, 'D'), (1436, 'D'), (1491, 'D'), (1702, 'F'), (1251, 'D'), (472, 'D'), (1550, 'C'), (1768, 'D'), (1205, 'B'), (1517, 'D'), (1658, 'C'), (1396, 'B'), (1552, 'C'), (1704, 'D'), (1847, 'D'), (1475, 'D'), (1422, 'C'), (1202, 'D'), (1279, 'D'), (1358, 'D'), (1528, 'B'), (1468, 'F'), (1440, 'C2'), (1678, 'B2'), (339, 'D'), (1554, 'C'), (1728, 'D'), (1620, 'C'), (1477, 'A'), (1176, 'E'), (1598, 'D'), (1809, 'D'), (1787, 'D'), (1285, 'D'), (1375, 'D'), (1702, 'G1'), (1578, 'H'), (1677, 'B'), (1437, 'C'), (1516, 'C'), (1468, 'J'), (1721, 'D'), (1848, 'C'), (1549, 'D'), (1243, 'D'), (1705, 'D'), (1694, 'D'), (1670, 'D'), (1463, 'C'), (1443, 'D'), (1760, 'G'), (1467, 'B'), (1313, 'C2'), (1272, 'E'), (1245, 'D'), (1472, 'E'), (1445, 'D'), (1187, 'C'), (1260, 'D'), (1777, 'D'), (1405, 'D'), (1707, 'B'), (847, 'E'), (1430, 'E'), (1779, 'D'), (1845, 'D'), (632, 'C'), (1473, 'D'), (1594, 'D'), (1277, 'D'), (797, 'C'), (1843, 'F1'), (1805, 'D'), (1794, 'D'), (1343, 'D'), (1354, 'D'), (1649, 'D'), (1814, 'B'), (1611, 'F'), (1548, 'B'), (1619, 'E'), (1695, 'C'), (1562, 'D1'), (1579, 'E2'), (1446, 'B'), (1725, 'M'), (1699, 'C'), (1660, 'F1'), (1228, 'D'), (1800, 'F'), (1384, 'D'), (1450, 'D'), (1554, 'B'), (1311, 'F'), (1183, 'H'), (1360, 'G'), (1409, 'E'), (1213, 'E'), (1732, 'C1'), (1474, 'C'), (1485, 'C'), (1307, 'D'), (1661, 'C'), (1428, 'D'), (1491, 'C'), (1637, 'D'), (1276, 'B'), (1648, 'B'), (1466, 'E'), (1722, 'F'), (1426, 'E'), (1608, 'C'), (1808, 'C'), (1214, 'D'), (1117, 'C'), (1478, 'C'), (1731, 'D'), (1575, 'D'), (1797, 'D'), (1786, 'D'), (1557, 'C'), (1000, 'C'), (1535, 'D'), (1469, 'D'), (1579, 'F'), (822, 'D'), (1656, 'D'), (1735, 'D'), (1384, 'B1'), (1462, 'F'), (1560, 'E'), (1353, 'E'), (1242, 'B'), (1625, 'C'), (1509, 'E'), (1572, 'A'), (1836, 'C'), (1537, 'D'), (1296, 'E1'), (1220, 'D'), (1442, 'A'), (1420, 'D'), (1361, 'B'), (1675, 'F'), (1552, 'D'), (546, 'D'), (1690, 'F'), (1442, 'B'), (1798, 'C'), (1413, 'C'), (1237, 'C2'), (1554, 'D'), (1631, 'D'), (1303, 'D'), (1765, 'D'), (1462, 'E2'), (1369, 'D'), (1725, 'H'), (1525, 'D'), (1785, 'B'), (1208, 'D'), (1197, 'D'), (1444, 'B'), (1635, 'D'), (1328, 'E'), (1780, 'D'), (1618, 'E'), (1404, 'B'), (1720, 'D1'), (1367, 'E')}",235
invincible777,1853,Yes,1853,"{(1509, 'C'), (1500, 'A'), (1714, 'G'), (1582, 'F1'), (1238, 'D'), (1295, 'D'), (1095, 'E'), (1873, 'H'), (1200, 'D'), (1325, 'D'), (1413, 'D'), (1644, 'D'), (1626, 'C'), (1833, 'F'), (486, 'C'), (1365, 'E'), (1872, 'F'), (1825, 'D1'), (1076, 'E'), (1550, 'C'), (1713, 'D'), (1527, 'B2'), (1205, 'B'), (1144, 'E'), (1687, 'B'), (1213, 'G'), (1849, 'D'), (1598, 'D'), (1743, 'D'), (1492, 'D'), (1477, 'B'), (1375, 'D'), (1702, 'G1'), (1648, 'C'), (1549, 'D'), (1153, 'D'), (1705, 'D'), (1694, 'D'), (1774, 'E'), (1467, 'B'), (1272, 'E'), (1283, 'E'), (459, 'C'), (1260, 'D'), (1092, 'F'), (1328, 'D'), (1473, 'D'), (1792, 'D'), (1579, 'E2'), (1196, 'E'), (482, 'B'), (1360, 'G'), (1409, 'E'), (1732, 'C1'), (1485, 'C'), (1879, 'D'), (1324, 'F'), (1621, 'C'), (1276, 'B'), (1466, 'E'), (1214, 'D'), (1696, 'D'), (846, 'D'), (1735, 'D'), (1339, 'D'), (1552, 'D'), (1697, 'D'), (1759, 'G'), (1442, 'B'), (982, 'D'), (1631, 'D'), (1765, 'D'), (1369, 'D'), (1525, 'D'), (1207, 'E'), (1714, 'F'), (1659, 'D'), (1404, 'B'), (1738, 'D'), (1342, 'D'), (1476, 'D'), (1225, 'D'), (811, 'C'), (1561, 'D1'), (1294, 'E'), (1777, 'C'), (1689, 'D'), (1304, 'D'), (1678, 'D'), (1176, 'D'), (1700, 'C'), (1244, 'D'), (1400, 'D'), (1508, 'A'), (1708, 'D'), (1335, 'E1'), (1430, 'D'), (1157, 'D'), (1672, 'D'), (1661, 'D'), (1479, 'B1'), (1846, 'G'), (1644, 'E'), (1586, 'C'), (1480, 'C'), (1119, 'D'), (1517, 'D'), (1799, 'C'), (1719, 'D1'), (1851, 'F'), (959, 'E'), (1394, 'A'), (1396, 'B'), (1691, 'D'), (1847, 'D'), (1334, 'D'), (1512, 'F'), (1809, 'D'), (1787, 'D'), (1290, 'B'), (1285, 'D'), (1316, 'C'), (1772, 'E'), (1721, 'D'), (1463, 'C'), (1749, 'D'), (1327, 'E'), (1773, 'A'), (1802, 'E'), (1779, 'D'), (1684, 'D'), (1277, 'D'), (1673, 'D'), (1862, 'F'), (1611, 'F'), (1814, 'B'), (1619, 'E'), (1695, 'C'), (1446, 'B'), (1228, 'D'), (1329, 'A'), (999, 'D'), (1213, 'E'), (1307, 'D'), (1463, 'D'), (1227, 'D2'), (1608, 'C'), (1426, 'E'), (1117, 'C'), (1656, 'D'), (1482, 'D'), (1114, 'D'), (1361, 'B'), (1495, 'B'), (1367, 'D'), (1690, 'F'), (535, 'D'), (16, 'E'), (1155, 'D'), (1637, 'D'), (893, 'D'), (1793, 'D'), (1833, 'G'), (1782, 'D'), (490, 'C'), (1179, 'B'), (1029, 'D'), (1600, 'E'), (1709, 'C'), (1861, 'D'), (1592, 'C'), (1581, 'C'), (1348, 'D'), (1383, 'B'), (1174, 'D'), (1611, 'E1'), (1371, 'E1'), (126, 'B'), (1486, 'C2'), (1629, 'D'), (1216, 'E1'), (1534, 'D'), (1283, 'D'), (1508, 'B'), (1855, 'C2'), (1842, 'D'), (1591, 'D'), (1573, 'C'), (1747, 'D'), (1467, 'C'), (1470, 'B'), (1249, 'D2'), (1497, 'E1'), (1706, 'D1'), (1709, 'D'), (1834, 'D'), (1398, 'D'), (1740, 'E'), (1554, 'C'), (1728, 'D'), (1864, 'D'), (1853, 'D'), (1613, 'D'), (1602, 'D'), (1250, 'B'), (1178, 'E'), (1516, 'C'), (1468, 'J'), (1681, 'D'), (1670, 'D'), (1558, 'B'), (1760, 'G'), (1245, 'D'), (1731, 'C'), (1777, 'D'), (1392, 'D'), (463, 'C'), (1475, 'F'), (1207, 'D'), (1286, 'A'), (1700, 'D'), (1845, 'D'), (1594, 'D'), (1739, 'D'), (1843, 'F1'), (1332, 'D'), (1081, 'D'), (1822, 'F'), (1562, 'D1'), (1818, 'D'), (1556, 'D'), (1660, 'F1'), (1701, 'D'), (1305, 'D'), (1593, 'D2'), (1450, 'D'), (1054, 'D'), (1490, 'G'), (1758, 'D'), (466, 'C'), (1401, 'D'), (1280, 'B'), (1808, 'C'), (1586, 'D'), (1557, 'C'), (1731, 'D'), (1469, 'D'), (1560, 'E'), (1242, 'B'), (1625, 'C'), (1770, 'C'), (1537, 'D'), (1335, 'E2'), (1719, 'D2'), (1420, 'D'), (1750, 'D'), (1635, 'D'), (1328, 'E'), (1780, 'D'), (1618, 'E'), (1720, 'D1'), (1367, 'E'), (1036, 'C'), (796, 'C'), (1666, 'L'), (1859, 'D'), (1799, 'D1'), (1810, 'D'), (1759, 'F'), (1715, 'C'), (1867, 'D'), (1627, 'D'), (1692, 'H'), (1783, 'C'), (1688, 'C'), (1677, 'C'), (1734, 'D'), (1076, 'D'), (1512, 'G'), (1221, 'D'), (1494, 'C'), (1802, 'D'), (1388, 'C'), (1729, 'F'), (382, 'C'), (1326, 'D2'), (1620, 'E'), (1841, 'C'), (1619, 'D'), (1491, 'D'), (1702, 'F'), (1251, 'D'), (1647, 'D'), (1000, 'D'), (1381, 'B'), (1658, 'C'), (1821, 'D'), (1552, 'C'), (1715, 'D'), (1704, 'D'), (1453, 'D'), (1475, 'D'), (1744, 'E2'), (1650, 'E'), (1358, 'D'), (1547, 'F'), (1678, 'E'), (1620, 'C'), (1477, 'A'), (1136, 'D'), (1270, 'D'), (1175, 'D'), (1545, 'B'), (1437, 'C'), (981, 'D'), (1870, 'D'), (1282, 'C'), (1560, 'F1'), (1187, 'C'), (1430, 'E'), (1141, 'G'), (1649, 'D'), (1794, 'D'), (1286, 'B'), (1717, 'D'), (1699, 'C'), (1183, 'H'), (1661, 'C'), (1428, 'D'), (1611, 'E2'), (1060, 'D'), (1822, 'G1'), (1791, 'G2'), (1478, 'C'), (1797, 'D'), (1786, 'D'), (1775, 'D'), (1579, 'F'), (1535, 'D'), (1462, 'F'), (1353, 'E'), (1836, 'C'), (1442, 'A'), (1675, 'F'), (339, 'C'), (1151, 'C'), (1303, 'D'), (1208, 'D'), (1444, 'B')}",349
jacek.karol.rak,1814,Yes,1814,"{(1835, 'A'), (1848, 'C'), (1509, 'C'), (466, 'C'), (1879, 'D'), (1793, 'D'), (1826, 'D'), (1729, 'F'), (41, 'D'), (1799, 'D1'), (448, 'D'), (1620, 'E'), (1283, 'E'), (1841, 'C'), (1359, 'C'), (1194, 'D'), (1810, 'D'), (67, 'D'), (540, 'D'), (27, 'C'), (14, 'D'), (1735, 'D'), (452, 'D'), (1834, 'D'), (5, 'C'), (474, 'D'), (1821, 'D'), (1836, 'C'), (3, 'B'), (1868, 'B1'), (1845, 'D'), (1704, 'D'), (41, 'E'), (1873, 'H'), (25, 'C'), (1627, 'D'), (31, 'C'), (1829, 'H'), (1843, 'F1'), (1805, 'D'), (478, 'C'), (1729, 'E'), (20, 'C'), (1814, 'B'), (1807, 'F'), (1512, 'F'), (1693, 'B'), (1776, 'F'), (1551, 'D1'), (977, 'F'), (1783, 'C'), (1849, 'D'), (1798, 'C'), (1554, 'D'), (1660, 'F1'), (484, 'A'), (24, 'C'), (1833, 'F'), (1779, 'D'), (1328, 'E'), (1780, 'D'), (1335, 'E1'), (123, 'B')}",63
__Secret,1814,Yes,1814,"{(1155, 'D'), (1509, 'C'), (1500, 'A'), (1833, 'G'), (1093, 'D'), (1118, 'F1'), (1225, 'D'), (1027, 'D'), (1478, 'D'), (1582, 'F1'), (1238, 'D'), (1042, 'D'), (1244, 'D'), (1324, 'E'), (1617, 'D1'), (577, 'B'), (667, 'C'), (1400, 'B'), (1257, 'D'), (1283, 'D'), (1734, 'D'), (1833, 'F'), (1512, 'G'), (1538, 'D'), (1335, 'E1'), (1855, 'C2'), (917, 'A'), (1661, 'D'), (1249, 'D2'), (1620, 'E'), (1051, 'D'), (180, 'E'), (813, 'B'), (1396, 'B'), (1781, 'D'), (478, 'C'), (1475, 'D'), (894, 'C'), (1118, 'D2'), (817, 'D'), (20, 'C'), (1475, 'G'), (1547, 'F'), (1512, 'F'), (1213, 'G'), (1066, 'E'), (670, 'E'), (1849, 'D'), (991, 'E'), (1864, 'D'), (1096, 'D'), (1613, 'D'), (552, 'D'), (1375, 'D'), (1249, 'D1'), (1178, 'E'), (1437, 'C'), (1648, 'C'), (1681, 'D'), (1870, 'D'), (1278, 'C'), (895, 'B'), (1283, 'E'), (1227, 'C'), (1445, 'D'), (1560, 'F1'), (1152, 'C'), (1185, 'C2'), (1328, 'D'), (1829, 'H'), (1548, 'B'), (1843, 'F1'), (1343, 'D'), (1739, 'D'), (271, 'D'), (1619, 'E'), (1580, 'A'), (1556, 'D'), (1660, 'F1'), (1554, 'B'), (1409, 'E'), (1406, 'C'), (1428, 'D'), (1879, 'D'), (1355, 'C'), (1466, 'E'), (1648, 'B'), (448, 'D'), (1791, 'G2'), (580, 'D'), (1353, 'E'), (1625, 'C'), (485, 'C'), (1118, 'D1'), (923, 'C'), (1335, 'E2'), (161, 'D'), (1303, 'D'), (1462, 'E2'), (1820, 'D'), (1525, 'D'), (1153, 'C')}",102
sloppy_coder,1847,Yes,1847,"{(1509, 'C'), (1738, 'D'), (1793, 'D'), (1833, 'G'), (1859, 'D'), (1782, 'D'), (1714, 'G'), (1799, 'D1'), (281, 'B'), (349, 'B'), (1709, 'C'), (1861, 'D'), (1777, 'C'), (1381, 'A2'), (459, 'D'), (1383, 'A'), (1689, 'D'), (1348, 'D'), (1810, 'D'), (276, 'D'), (474, 'D'), (5, 'C'), (1700, 'C'), (61, 'E'), (1823, 'D'), (1715, 'C'), (1867, 'D'), (1627, 'D'), (25, 'D'), (1479, 'A'), (1400, 'D'), (1365, 'D'), (1324, 'E'), (1486, 'C2'), (577, 'B'), (1783, 'C'), (1400, 'B'), (1708, 'D'), (1734, 'D'), (493, 'D'), (1833, 'F'), (486, 'C'), (1626, 'C'), (1336, 'B'), (1538, 'D'), (1221, 'D'), (1335, 'E1'), (598, 'D'), (1855, 'C2'), (1365, 'E'), (1842, 'D'), (607, 'B'), (1573, 'C'), (1747, 'D'), (1802, 'D'), (1333, 'C'), (1388, 'C'), (1729, 'F'), (448, 'C'), (1326, 'D2'), (1644, 'E'), (1825, 'D1'), (1841, 'C'), (1706, 'D1'), (1619, 'D'), (1709, 'D'), (1368, 'D'), (1702, 'F'), (1550, 'C'), (1713, 'D'), (1527, 'B2'), (1768, 'D'), (1834, 'D'), (1799, 'C'), (547, 'B'), (1381, 'B'), (1719, 'D1'), (1821, 'D'), (1396, 'B'), (1715, 'D'), (1704, 'D'), (1398, 'D'), (478, 'C'), (1847, 'D'), (1475, 'D'), (1740, 'E'), (1334, 'D'), (1729, 'E'), (1678, 'B2'), (489, 'D'), (427, 'C'), (1358, 'D'), (339, 'D'), (1728, 'D'), (1620, 'C'), (1849, 'D'), (1270, 'D'), (1743, 'D'), (1809, 'D'), (1787, 'D'), (1853, 'D'), (1864, 'D'), (1613, 'D'), (1375, 'D'), (1702, 'G1'), (1677, 'B'), (1437, 'C'), (1516, 'C'), (1772, 'E'), (911, 'D'), (1848, 'C'), (1705, 'D'), (1694, 'D'), (1749, 'D'), (1681, 'D'), (1826, 'D'), (1870, 'D'), (358, 'D'), (118, 'D'), (1774, 'E'), (1628, 'B'), (1467, 'B'), (1245, 'D'), (1327, 'E'), (1731, 'C'), (1359, 'C'), (1777, 'D'), (463, 'C'), (1141, 'G'), (1700, 'D'), (1779, 'D'), (1328, 'D'), (1845, 'D'), (1684, 'D'), (1739, 'D'), (1862, 'F'), (1843, 'F1'), (1805, 'D'), (1794, 'D'), (271, 'D'), (1548, 'B'), (1037, 'D'), (1343, 'D'), (1360, 'F'), (1792, 'D'), (1237, 'C1'), (1699, 'C'), (1393, 'C'), (484, 'A'), (1329, 'A'), (1701, 'D'), (1593, 'D2'), (1800, 'F'), (1554, 'B'), (1360, 'G'), (1406, 'C'), (1474, 'C'), (1679, 'D'), (1758, 'D'), (466, 'C'), (1355, 'C'), (1611, 'E2'), (1227, 'D2'), (1401, 'D'), (448, 'D'), (1869, 'D1'), (1608, 'C'), (1822, 'G1'), (1791, 'G2'), (1808, 'C'), (1557, 'C'), (1731, 'D'), (1696, 'D'), (1797, 'D'), (1786, 'D'), (1775, 'D'), (835, 'D'), (1735, 'D'), (1242, 'B'), (292, 'E'), (1625, 'C'), (1836, 'C'), (1537, 'D'), (1335, 'E2'), (1442, 'A'), (1697, 'D'), (546, 'D'), (161, 'D'), (1367, 'D'), (1690, 'F'), (888, 'E'), (977, 'F'), (1554, 'D'), (1765, 'D'), (1820, 'D'), (1525, 'D'), (1714, 'F'), (1328, 'E'), (1780, 'D'), (559, 'B'), (1404, 'B'), (1866, 'C')}",202
IanISam,1961,Yes,1961,"{(1637, 'D'), (796, 'C'), (1793, 'D'), (1833, 'G'), (1118, 'F1'), (1859, 'D'), (134, 'B'), (1782, 'D'), (1225, 'D'), (1029, 'D'), (1561, 'D1'), (1118, 'E'), (1856, 'E1'), (1133, 'E'), (1777, 'C'), (1689, 'D'), (1810, 'D'), (1819, 'B'), (474, 'D'), (5, 'C'), (1746, 'D'), (1867, 'D'), (1873, 'H'), (1365, 'D'), (1776, 'F'), (1692, 'H'), (1551, 'D1'), (1783, 'C'), (1677, 'C'), (1734, 'D'), (1833, 'F'), (1365, 'E'), (1842, 'D'), (1747, 'D'), (1802, 'D'), (1216, 'C'), (149, 'D'), (1846, 'G'), (746, 'E'), (1841, 'C'), (1619, 'D'), (1846, 'E2'), (1368, 'D'), (734, 'D'), (1702, 'F'), (1768, 'D'), (1834, 'D'), (1066, 'D'), (1687, 'B'), (1851, 'F'), (1658, 'C'), (1847, 'D'), (1422, 'C'), (1118, 'D2'), (1744, 'E2'), (1740, 'E'), (1017, 'D'), (1678, 'B2'), (1728, 'D'), (1066, 'E'), (1849, 'D'), (1136, 'D'), (1118, 'C'), (1743, 'D'), (581, 'D'), (1809, 'D'), (1787, 'D'), (1864, 'D'), (1384, 'C'), (1846, 'F'), (1677, 'B'), (1772, 'E'), (1835, 'A'), (1850, 'H'), (1463, 'C'), (1848, 'C'), (1705, 'D'), (1681, 'D'), (1670, 'D'), (1826, 'D'), (1760, 'G'), (1148, 'C'), (1852, 'A'), (1472, 'E'), (831, 'C'), (1560, 'F1'), (1731, 'C'), (1777, 'D'), (1707, 'B'), (847, 'E'), (1852, 'B'), (1102, 'E'), (1328, 'D'), (1779, 'D'), (938, 'C'), (1484, 'D'), (1845, 'D'), (1829, 'H'), (1594, 'D'), (1673, 'D'), (1684, 'D'), (1862, 'F'), (1794, 'D'), (1843, 'F1'), (1805, 'D'), (1814, 'B'), (1619, 'E'), (1695, 'C'), (1579, 'E2'), (1818, 'D'), (1556, 'D'), (1800, 'F'), (1732, 'C1'), (1679, 'D'), (1041, 'E'), (1758, 'D'), (466, 'C'), (1879, 'D'), (1503, 'B'), (1621, 'C'), (1466, 'E'), (1722, 'F'), (1869, 'D1'), (1822, 'G1'), (1791, 'G2'), (1117, 'C'), (963, 'A'), (1731, 'D'), (1786, 'D'), (1579, 'F'), (1656, 'D'), (1384, 'B1'), (1560, 'E'), (1118, 'D1'), (1770, 'C'), (1836, 'C'), (1442, 'A'), (584, 'D'), (1552, 'D'), (546, 'D'), (1807, 'F'), (1690, 'F'), (1442, 'B'), (888, 'E'), (1750, 'D'), (1798, 'C'), (1765, 'D'), (1369, 'D'), (1107, 'D'), (1635, 'D'), (1780, 'D'), (1133, 'F2')}",152
Light_KG,1835,Yes,1835,"{(1509, 'C'), (1637, 'D'), (630, 'I'), (1793, 'D'), (1666, 'L'), (1859, 'D'), (1500, 'A'), (1714, 'G'), (1799, 'D1'), (1561, 'D1'), (846, 'F'), (1600, 'E'), (1709, 'C'), (1861, 'D'), (1777, 'C'), (1582, 'F1'), (1689, 'D'), (1592, 'C'), (1810, 'D'), (1759, 'F'), (474, 'D'), (1700, 'C'), (1383, 'B'), (1611, 'E1'), (1583, 'C'), (1746, 'D'), (1627, 'D'), (1479, 'A'), (1400, 'D'), (1324, 'E'), (1692, 'H'), (1617, 'D1'), (1400, 'B'), (1783, 'C'), (1556, 'C'), (1629, 'D'), (77, 'B'), (1677, 'C'), (1666, 'C'), (1688, 'C'), (1644, 'D'), (1734, 'D'), (493, 'D'), (1626, 'C'), (1512, 'G'), (1538, 'D'), (1842, 'D'), (1802, 'D'), (1674, 'F'), (382, 'C'), (1661, 'D'), (448, 'C'), (1672, 'D'), (1479, 'B1'), (1620, 'E'), (1630, 'B'), (1841, 'C'), (1706, 'D1'), (1619, 'D'), (1709, 'D'), (1491, 'D'), (1817, 'B'), (1647, 'D'), (1550, 'C'), (1713, 'D'), (1768, 'D'), (1702, 'F'), (1834, 'D'), (1687, 'B'), (1658, 'C'), (1552, 'C'), (1715, 'D'), (1691, 'D'), (1781, 'D'), (1301, 'C'), (1847, 'D'), (1704, 'D'), (1585, 'D'), (817, 'D'), (1279, 'D'), (1651, 'D'), (1528, 'B'), (1740, 'E'), (1547, 'F'), (1744, 'E2'), (1729, 'E'), (1554, 'C'), (1728, 'D'), (1620, 'C'), (1598, 'D'), (1743, 'D'), (1809, 'D'), (1787, 'D'), (1613, 'D'), (1702, 'G1'), (1773, 'K'), (1677, 'B'), (1437, 'C'), (1516, 'C'), (1772, 'E'), (1721, 'D'), (1549, 'D'), (1694, 'D'), (1670, 'D'), (1749, 'D'), (1718, 'A2'), (1681, 'D'), (1705, 'D'), (118, 'D'), (1760, 'G'), (1774, 'E'), (1272, 'E'), (1852, 'A'), (1560, 'F1'), (1731, 'C'), (1777, 'D'), (1707, 'B'), (1852, 'B'), (1802, 'E'), (1601, 'B'), (1286, 'A'), (1700, 'D'), (1845, 'D'), (621, 'C'), (1829, 'H'), (1583, 'D'), (1673, 'D'), (1594, 'D'), (1739, 'D'), (1354, 'D'), (1805, 'D'), (1684, 'D'), (1611, 'F'), (20, 'A'), (1619, 'E'), (1792, 'D'), (1695, 'C'), (1579, 'E2'), (163, 'A'), (1725, 'M'), (1717, 'D'), (1699, 'C'), (1580, 'A'), (1556, 'D'), (1660, 'F1'), (1701, 'D'), (1593, 'D2'), (1800, 'F'), (1554, 'B'), (1485, 'C'), (1732, 'C1'), (935, 'D'), (1679, 'D'), (1758, 'D'), (466, 'C'), (1611, 'E2'), (1624, 'G'), (1621, 'C'), (442, 'B'), (1648, 'B'), (1722, 'F'), (448, 'D'), (1608, 'C'), (1822, 'G1'), (1791, 'G2'), (1557, 'C'), (1731, 'D'), (1797, 'D'), (1775, 'D'), (1579, 'F'), (439, 'D'), (1561, 'D2'), (1735, 'D'), (1656, 'D'), (1625, 'C'), (1770, 'C'), (1537, 'D'), (1552, 'D'), (1675, 'F'), (1697, 'D'), (1759, 'G'), (1690, 'F'), (977, 'F'), (1750, 'D'), (1798, 'C'), (1554, 'D'), (1765, 'D'), (1718, 'A1'), (1725, 'H'), (1659, 'D'), (1714, 'F'), (1635, 'D'), (1780, 'D'), (1618, 'E'), (1720, 'D1')}",195
