Contest,Index,Name,Tags
1879,D,Sum of XOR Functions,"bitmasks, combinatorics, divide and conquer, dp, math"
1873,H,Mad City,"dfs and similar, dsu, games, graphs, shortest paths, trees"
1873,G,ABBC or BACB,"constructive algorithms, greedy"
1872,E,Data Structures Fan,"binary search, bitmasks, data structures, dp"
1868,B1,Candy Party (Easy Version),"bitmasks, constructive algorithms, graphs, greedy, implementation, math"
1864,D,Matrix Cascade,"brute force, constructive algorithms, data structures, dp, greedy, math"
1862,E,Kolya and Movie Theatre,"constructive algorithms, data structures, greedy"
1861,C,Queries for the Array,"data structures, dfs and similar, implementation, strings, trees"
1858,B,The Walkway,"brute force, dp, greedy, math, number theory"
1857,F,Sum and Product,"binary search, data structures, math"
1857,E,Power of Points,"math, sortings"
1856,C,To Become Max,"binary search, brute force, data structures, dp"
1851,E,Nastya and Potions,"dfs and similar, dp, graphs, sortings"
1850,H,The Third Letter,"dfs and similar, dsu, graphs, greedy, implementation"
1850,G,The Morning Star,"combinatorics, data structures, geometry, implementation, math, sortings"
1849,D,Array Painting,"constructive algorithms, greedy, two pointers"
1849,C,Binary String Copying,"binary search, brute force, data structures, hashing, strings"
1843,E,Tracking Segments,"binary search, brute force, data structures, two pointers"
1842,C,Tenzing and Balls,dp
1840,E,Character Blocking,"data structures, hashing, implementation"
1835,A,k-th equality,"brute force, implementation, math"
1833,F,Ira and Flamenco,"combinatorics, constructive algorithms, data structures, implementation, math, sortings, two pointers"
1833,E,Round Dance,"dfs and similar, dsu, graphs, shortest paths"
1829,H,Don't Blame Me,"bitmasks, combinatorics, dp, math"
1829,G,Hits Different,"data structures, dp, implementation, math"
1826,D,Running Miles,"brute force, dp, greedy"
1822,G1,Magic Triples (Easy Version),"brute force, data structures, math, number theory"
1822,F,Gardening Friends,"brute force, dfs and similar, dp, graphs, trees"
1822,E,Making Anti-Palindromes,"greedy, math, strings"
1817,A,Almost Increasing Subsequence,"binary search, data structures, greedy"
1814,C,Search in Parallel,"constructive algorithms, greedy, sortings"
1814,B,Long Legs,"brute force, math"
1811,E,Living Sequence,"binary search, dp, math, number theory"
1811,D,Umka and a Long Flight,"constructive algorithms, implementation, math"
1810,D,Climbing the Tree,"binary search, math"
1809,C,Sum on Subarrays,"constructive algorithms, greedy, math"
1807,F,Bouncy Ball,"brute force, dfs and similar, implementation"
1806,C,Sequence Master,"brute force, constructive algorithms, math"
1804,C,Pull Your Luck,"brute force, greedy, math, number theory"
1801,A,The Very Beautiful Blanket,"bitmasks, constructive algorithms"
1800,E2,Unforgivable Curse (hard version),"brute force, constructive algorithms, dfs and similar, dsu, graphs, greedy, strings"
1799,C,Double Lexicographically Minimum,"greedy, strings"
1798,D,Shocking Arrangement,"constructive algorithms, greedy, math"
1798,C,Candy Store,"greedy, math, number theory"
1797,C,Li Hua and Chess,"constructive algorithms, greedy, interactive"
1796,C,Maximum Set,"binary search, math"
1795,D,Triangle Coloring,"combinatorics, math"
1795,C,Tea Tasting,"binary search, data structures, implementation"
1792,D,Fixed Prefix Permutations,"binary search, bitmasks, data structures, hashing, math, sortings"
1792,C,Min Max Sort,"binary search, brute force, greedy, math, two pointers"
1791,F,Range Update Point Query,"binary search, brute force, data structures"
1789,C,Serval and Toxel's Arrays,"combinatorics, dp, implementation, math"
1787,C,Remove the Bracket,"dp, greedy, math"
1783,C,Yet Another Tournament,"binary search, greedy, sortings"
1781,C,Equal Frequencies,"brute force, constructive algorithms, greedy, implementation, sortings, strings"
1779,D,Boris and His Amazing Haircut,"constructive algorithms, data structures, dp, dsu, greedy, sortings"
1779,C,Least Prefix Sum,"data structures, greedy"
1778,C,Flexible String,"bitmasks, brute force, strings"
1777,C,Quiz Master,"binary search, math, number theory, sortings, two pointers"
1776,L,Controllers,"binary search, math"
1776,F,Train Splitting,"constructive algorithms, graphs, greedy"
1775,C,Interesting Sequence,"bitmasks, math"
1774,D,Same Count One,"brute force, constructive algorithms, greedy, implementation, two pointers"
1774,B,Coloring,"constructive algorithms, greedy, math"
1772,E,Permutation Game,games
1771,C,Hossam and Trainees,"greedy, math, number theory"
1770,C,Koxia and Number Theory,"brute force, chinese remainder theorem, math, number theory"
1767,D,Playoff,"combinatorics, constructive algorithms, dp, greedy, math"
1766,D,Lucky Chains,"math, number theory"
1765,N,Number Reduction,greedy
1765,K,Torus Path,"greedy, math"
1765,D,Watch the Videos,"binary search, constructive algorithms, two pointers"
1760,G,SlavicG's Favorite Problem,"bitmasks, dfs and similar, graphs"
1760,F,Quests,"binary search, greedy, sortings"
1759,E,The Humanoid,"brute force, dp, sortings"
1753,B,Factorial Divisibility,"math, number theory"
1753,A2,Make Nonzero Sum (hard version),"constructive algorithms, dp, greedy"
1748,C,Zero-Sum Prefixes,"brute force, data structures, dp, greedy, implementation"
1744,E1,Divisible Numbers (easy version),"brute force, math, number theory"
1743,D,Problem with Random Tests,"brute force, dp, greedy, probabilities"
1742,G,Orray,"bitmasks, brute force, greedy, math, sortings"
1742,F,Smaller,"constructive algorithms, greedy, strings"
1741,E,Sending a Sequence Over the Network,dp
1740,D,Knowledge Cards,"constructive algorithms, data structures"
1739,C,Card Game,"combinatorics, constructive algorithms, dp, games"
1738,C,Even Number Addicts,"dp, games, greedy, math"
1737,C,Ela and Crickets,"constructive algorithms, games, implementation, math"
1735,D,Meta-set,"brute force, combinatorics, data structures, hashing, math"
1732,D1,Balance (Easy version),"brute force, data structures, implementation, number theory"
1731,D,Valiant's New Map,"binary search, brute force, data structures, dp, two pointers"
1731,C,Even Subarrays,"bitmasks, brute force, hashing, math, number theory"
1730,B,Meeting on the Line,"binary search, geometry, greedy, implementation, math, ternary search"
1725,G,Garage,"binary search, geometry, math"
1722,G,Even-Odd XOR,"bitmasks, constructive algorithms, greedy"
1722,F,L-shapes,"dfs and similar, implementation"
1722,E,Counting Rectangles,"brute force, data structures, dp, implementation"
1715,C,Monoblock,"combinatorics, data structures, implementation, math"
1714,G,Path Prefixes,"binary search, data structures, dfs and similar, trees"
1714,D,Color with Occurrences,"brute force, data structures, dp, greedy, strings"
1710,A,Color the Picture,"constructive algorithms, greedy, math"
1709,D,Rorororobot,"binary search, data structures, greedy, math"
1707,A,Doremy's IQ,"binary search, constructive algorithms, greedy, implementation"
1706,D1,Chopping Carrots (Easy Version),"binary search, brute force, constructive algorithms, greedy, number theory"
1703,G,"Good Key, Bad Key","bitmasks, brute force, dp, greedy, math"
1702,F,Equate Multisets,"constructive algorithms, data structures, greedy, math, number theory"
1702,E,Split Into Two Sets,"dfs and similar, dsu, graphs"
1700,C,Helping the Nature,"constructive algorithms, data structures, greedy"
1699,C,The Third Problem,"combinatorics, constructive algorithms, math"
1698,D,Fixed Point Guessing,"binary search, constructive algorithms, interactive"
1695,C,Zero Path,"brute force, data structures, dp, graphs, greedy, shortest paths"
1693,B,Fake Plastic Trees,"dfs and similar, dp, greedy, trees"
1692,H,Gambling,"data structures, dp, greedy, math"
1690,F,Shifting String,"graphs, math, number theory, strings"
1690,E,Price Maximization,"binary search, greedy, math, two pointers"
1689,C,Infected Tree,"dfs and similar, dp, trees"
1688,C,Manipulating History,"constructive algorithms, greedy, strings"
1687,B,Railway System,"constructive algorithms, graphs, greedy, interactive, sortings"
1687,A,The Enchanted Forest,"brute force, greedy"
1684,D,Traps,"constructive algorithms, greedy, sortings"
1681,D,Required Length,"brute force, dfs and similar, dp, hashing, shortest paths"
1680,C,Binary String,"binary search, greedy, strings, two pointers"
1677,B,Tokitsukaze and Meeting,"data structures, implementation, math"
1677,A,Tokitsukaze and Strange Inequality,"brute force, data structures, dp"
1676,H2,Maximum Crossings (Hard Version),"data structures, divide and conquer, sortings"
1675,E,"Replace With the Previous, Minimize","dsu, greedy, strings"
1673,C,Palindrome Basis,"brute force, dp, math, number theory"
1672,D,Cyclic Rotation,"constructive algorithms, greedy, implementation, two pointers"
1671,D,Insert a Progression,"brute force, constructive algorithms, greedy"
1670,D,Very Suspicious,"binary search, brute force, geometry, greedy, implementation, math"
1665,C,Tree Infection,"binary search, greedy, sortings, trees"
1661,C,Water the Trees,"binary search, greedy, math"
1660,F1,Promising String (easy version),"brute force, implementation, math, strings"
1660,E,Matrix and Shifts,"brute force, constructive algorithms, greedy, implementation"
1660,D,Maximum Product Strikes Back,"brute force, implementation, math, two pointers"
1659,C,Line Empire,"binary search, brute force, dp, greedy, implementation, math"
1658,D1,388535 (Easy Version),"bitmasks, math"
1658,C,Shinju and the Lost Permutation,"constructive algorithms, math"
1651,C,Fault-tolerant Network,"brute force, data structures, implementation"
1646,C,Factorials and Powers of Two,"bitmasks, brute force, constructive algorithms, dp, math"
1644,D,Cross Coloring,"data structures, implementation, math"
1633,D,Make Them Equal,"dp, greedy"
1632,C,Strange Test,"binary search, bitmasks, brute force, dp, math"
1630,A,And Matching,"bitmasks, constructive algorithms"
1628,B,Peculiar Movie Preferences,"greedy, strings"
1626,C,Monsters And Spells,"binary search, data structures, dp, greedy, implementation, math, two pointers"
1625,C,Road Optimization,dp
1623,C,Balanced Stone Heaps,"binary search, greedy"
1622,C,Set or Decrease,"binary search, brute force, greedy, sortings"
1621,C,Hidden Permutations,"dfs and similar, interactive, math"
1621,B,Integers Shop,"data structures, greedy, implementation"
1619,E,MEX and Increments,"constructive algorithms, data structures, dp, greedy, implementation, math, sortings"
1618,E,Singers' Tour,"constructive algorithms, math"
1616,C,Representative Edges,"brute force, geometry, implementation, math"
1615,C,Menorah,"brute force, graphs, greedy, math"
1614,C,Divan and bitwise operations,"bitmasks, combinatorics, constructive algorithms, dp, math"
1612,D,X-Magic Pair,"math, number theory"
1611,E1,Escape The Maze (easy version),"dfs and similar, greedy, shortest paths, trees, two pointers"
1611,D,Weights Assignment For Tree Edges,"constructive algorithms, trees"
1610,C,Keshi Is Throwing a Party,"binary search, greedy"
1609,D,Social Network,"dsu, graphs, greedy, implementation, trees"
1608,C,Game Master,"data structures, dfs and similar, dp, graphs, greedy, two pointers"
1607,E,Robot on the Board 1,implementation
1603,B,Moderate Modular Mode,"constructive algorithms, math, number theory"
1598,D,Training Session,"combinatorics, data structures, geometry, implementation, math"
1594,D,The Number of Imposters,"constructive algorithms, dfs and similar, dp, dsu, graphs"
1593,E,Gardener and Tree,"brute force, data structures, dfs and similar, greedy, implementation, trees"
1592,C,Bakry and Partitioning,"bitmasks, constructive algorithms, dfs and similar, dp, graphs, trees"
1583,C,Omkar and Determination,"data structures, dp"
1582,D,"Vupsen, Pupsen and 0","constructive algorithms, math"
1580,A,Portal,"brute force, data structures, dp, greedy, implementation"
1579,F,Array Stabilization (AND version),"brute force, graphs, math, number theory, shortest paths"
1579,E2,Array Optimization by Deque,"data structures, greedy"
1579,C,Ticks,"greedy, implementation"
1578,H,Higher Order Functions,"implementation, strings"
1575,J,Jeopardy of Dropped Balls,"binary search, brute force, dsu, implementation"
1571,E,Fix the String,"*special, bitmasks, dp, greedy"
1569,C,Jury Meeting,"combinatorics, math"
1567,C,Carrying Conundrum,"bitmasks, combinatorics, dp, math"
1566,D2,Seating Arrangements (hard version) ,"data structures, greedy, implementation, sortings, two pointers"
1562,D1,Two Hundred Twenty One (easy version),"data structures, dp, math"
1562,C,Rings,"constructive algorithms, math"
1561,D1,Up the Strip (simplified version),"brute force, data structures, dp, math, number theory"
1557,C,Moamen and XOR,"bitmasks, combinatorics, dp, math, matrices"
1555,D,Say No to Palindromes,"brute force, constructive algorithms, dp, strings"
1554,B,Cobb,"bitmasks, brute force, greedy, math"
1553,D,Backspace,"dp, greedy, strings, two pointers"
1552,B,Running for Gold,"combinatorics, graphs, greedy, sortings"
1551,D1,Domino (easy version),"constructive algorithms, math"
1551,C,Interesting Story,"greedy, sortings, strings"
1550,C,Manhattan Subarrays,"brute force, geometry, greedy, implementation"
1547,E,Air Conditioners,"data structures, dp, implementation, shortest paths, sortings, two pointers"
1545,A,AquaMoon and Strange Sort,sortings
1543,D1,RPD and Rap Sheet (Easy Version),"bitmasks, constructive algorithms, interactive, math"
1542,C,Strange Function,"math, number theory"
1542,B,Plus and Multiply,"constructive algorithms, math, number theory"
1539,D,PriceFixed,"binary search, greedy, implementation, sortings, two pointers"
1538,F,Interesting Function,"binary search, dp, math, number theory"
1538,D,Another Problem About Dividing Numbers,"constructive algorithms, math, number theory"
1537,E1,Erase and Extend (Easy Version),"binary search, brute force, dp, greedy, hashing, implementation, string suffix structures, strings, two pointers"
1537,D,Deleting Divisors,"games, math, number theory"
1536,C,Diluc and Kaeya,"data structures, dp, hashing, number theory"
1530,D,Secret Santa,"constructive algorithms, flows, graphs, greedy, math"
1528,B,Kavi on Pairing Duty,"combinatorics, dp, math"
1528,A,Parsa's Humongous Tree,"dfs and similar, divide and conquer, dp, greedy, trees"
1527,C,Sequence Pair Weight,"hashing, implementation, math"
1526,C2,Potions (Hard Version),"data structures, greedy"
1526,C1,Potions (Easy Version),"brute force, data structures, dp, greedy"
1523,C,Compression and Expansion,"brute force, data structures, greedy, implementation, trees"
1520,F1,Guess the K-th Zero (Easy version),"binary search, interactive"
1519,D,Maximum Sum of Products,"brute force, dp, implementation, math, two pointers"
1516,C,Baby Ehab Partitions Again,"bitmasks, constructive algorithms, dp, math"
1516,B,AGAGA XOOORRR,"bitmasks, brute force, dp, greedy"
1515,D,Phoenix and Socks,"greedy, sortings, two pointers"
1514,C,Product 1 Modulo N,"greedy, number theory"
1513,C,Add One,"dp, matrices"
1512,G,Short Task,"brute force, dp, math, number theory"
1512,E,Permutation by Sum,"brute force, greedy, math"
1511,D,Min Cost String,"brute force, constructive algorithms, graphs, greedy, strings"
1506,E,Restoring the Permutation,"constructive algorithms, implementation"
1505,B,DMCA,"*special, implementation, number theory"
1503,B,3-Coloring,"constructive algorithms, games, interactive"
1503,A,Balance the Bits,"constructive algorithms, greedy"
1499,C,Minimum Grid Path,"brute force, data structures, greedy, math"
1498,C,Planar Reflections,"brute force, data structures, dp"
1497,E1,Square-Free Division (easy version),"data structures, dp, greedy, math, number theory, two pointers"
1497,C2,k-LCM (hard version),"constructive algorithms, math"
1492,C,Maximum width,"binary search, data structures, dp, greedy, two pointers"
1491,C,Pekora and Trampoline,"brute force, data structures, dp, greedy, implementation"
1490,F,Equalize the Array,"binary search, data structures, greedy, math, sortings"
1487,D,Pythagorean Triples,"binary search, brute force, math, number theory"
1487,C,Minimum Ties,"brute force, constructive algorithms, dfs and similar, graphs, greedy, implementation, math"
1486,C1,Guessing the Greatest (easy version),"binary search, interactive"
1486,B,Eastern Exhibition,"binary search, geometry, shortest paths, sortings"
1485,C,Floor and Mod,"binary search, brute force, math, number theory"
1482,C,Basic Diplomacy,"brute force, constructive algorithms, greedy, implementation"
1482,B,Restore Modulo,"implementation, math"
1481,C,Fence Painting,"brute force, constructive algorithms, greedy"
1479,A,Searching Local Minimum,"binary search, interactive, ternary search"
1478,C,Nezzar and Symmetric Array,"implementation, math, sortings"
1476,D,Journey,"dfs and similar, dp, dsu, implementation"
1476,C,Longest Simple Cycle,"dp, graphs, greedy"
1475,E,Advertising Agency,"combinatorics, math, sortings"
1474,C,Array Destruction,"brute force, constructive algorithms, data structures, greedy, implementation, sortings"
1473,D,Program,"data structures, dp, implementation, strings"
1473,C,No More Inversions,"constructive algorithms, math"
1472,E,Correct Placement,"binary search, data structures, dp, sortings, two pointers"
1469,D,Ceil Divisions,"brute force, constructive algorithms, math, number theory"
1469,C,Building a Fence,"dp, greedy, implementation, two pointers"
1468,K,The Robot,"brute force, implementation"
1468,F,Full Turn,"geometry, hashing, number theory"
1468,D,Firecrackers,"binary search, sortings"
1467,B,Hills And Valleys,"brute force, implementation"
1466,D,13th Labour of Heracles,"data structures, greedy, sortings, trees"
1462,E2,Close Tuples (hard version),"binary search, combinatorics, implementation, math, sortings, two pointers"
1462,E1,Close Tuples (easy version),"binary search, combinatorics, math, sortings, two pointers"
1461,D,Divide and Summarize,"binary search, brute force, data structures, divide and conquer, implementation, sortings"
1461,C,Random Events,"dp, math, probabilities"
1458,A,Row GCD,"math, number theory"
1455,D,Sequence and Swaps,"dp, greedy, sortings"
1453,C,Triangles,"greedy, implementation"
1452,D,Radio Towers,"combinatorics, dp, math"
1451,D,Circle Game,"games, geometry, math"
1444,A,Division,"brute force, math, number theory"
1439,A1,Binary Table (Easy Version),"constructive algorithms, implementation"
1437,D,Minimal Height Tree,"graphs, greedy, shortest paths, trees"
1436,C,Binary Search,"binary search, combinatorics"
1431,D,Used Markers,"*special, greedy"
1431,C,Black Friday,"*special, implementation"
1430,D,String Deletion,"binary search, data structures, greedy, two pointers"
1426,D,Non-zero Segments,"constructive algorithms, data structures, greedy, sortings"
1423,K,Lonely Numbers,"binary search, math, number theory, two pointers"
1422,C,Bargain,"combinatorics, dp, math"
1419,D2,Sage's Birthday (hard version),"binary search, brute force, constructive algorithms, greedy, sortings, two pointers"
1419,C,Killjoy,"greedy, implementation, math"
1418,C,Mortal Kombat Tower,"dp, graphs, greedy, shortest paths"
1416,A,k-Amazing Numbers,"binary search, data structures, implementation, two pointers"
1413,D,Shurikens,"data structures, greedy, implementation"
1411,C,Peaceful Rooks,"dfs and similar, dsu, graphs"
1409,D,Decrease the Sum of Digits,"greedy, math"
1408,C,Discrete Acceleration,"binary search, dp, implementation, math, two pointers"
1407,C,Chocolate Bunny,"constructive algorithms, interactive, math, two pointers"
1406,C,Link Cut Centroids,"constructive algorithms, dfs and similar, graphs, trees"
1404,A,Balanced Bitstring,"implementation, strings"
1400,C,Binary String Reconstruction,"2-sat, brute force, constructive algorithms, greedy"
1400,B,RPG Protagonist,"brute force, greedy, math"
1399,D,Binary String To Subsequences,"constructive algorithms, data structures, greedy, implementation"
1398,C,Good Subarrays,"data structures, dp, math"
1397,B,Power Sequence,"brute force, math, number theory, sortings"
1396,A,Multiples of Length,"constructive algorithms, greedy, number theory"
1395,C,Boboniu and Bit Operations,"bitmasks, brute force, dp, greedy"
1393,C,Pinkie Pie Eats Patty-cakes,"constructive algorithms, greedy, math, sortings"
1392,D,Omkar and Bed Wars,"dp, greedy"
1391,C,Cyclic Permutations ,"combinatorics, dp, graphs, math"
1389,C,Good String,"brute force, dp, greedy, two pointers"
1389,B,Array Walk,"brute force, dp, greedy"
1385,D,a-Good String,"bitmasks, brute force, divide and conquer, dp, implementation"
1383,A,String Transformation 1,"dsu, graphs, greedy, sortings, strings, trees, two pointers"
1381,A2,Prefix Flip (Hard Version),"constructive algorithms, data structures, implementation, strings, two pointers"
1379,B,Dubious Cyrpto,"binary search, brute force, math, number theory"
1379,A,Acacius and String,"brute force, implementation, strings"
1374,E1,Reading Books (easy version),"data structures, greedy, sortings"
1373,D,Maximum Sum on Even Positions,"divide and conquer, dp, greedy, implementation"
1372,C,Omkar and Baseball,"constructive algorithms, math"
1371,D,Grid-00100,"constructive algorithms, greedy, implementation"
1368,D,"AND, OR and square sum","bitmasks, greedy, math"
1368,C,Even Picture,constructive algorithms
1368,B,Codeforces Subsequences,"brute force, constructive algorithms, greedy, math, strings"
1366,C,Palindromic Paths,"greedy, math"
1365,D,Solve The Maze,"constructive algorithms, dfs and similar, dsu, graphs, greedy, implementation, shortest paths"
1364,C,Ehab and Prefix MEXs,"brute force, constructive algorithms, greedy"
1363,C,Game On Leaves,"games, trees"
1361,A,Johnny and Contribution,"constructive algorithms, graphs, greedy, sortings"
1360,F,Spy-string,"bitmasks, brute force, constructive algorithms, dp, hashing, strings"
1359,C,Mixing Water,"binary search, math"
1358,C,Celex Update,math
1353,D,Constructing the Array,"constructive algorithms, data structures, sortings"
1352,G,Special Permutation,constructive algorithms
1352,F,Binary String Reconstruction,"constructive algorithms, dfs and similar, math"
1352,E,Special Elements,"brute force, implementation, two pointers"
1349,A,Orac and LCM,"data structures, math, number theory"
1348,C,Phoenix and Distribution,"constructive algorithms, greedy, sortings, strings"
1346,E,Magic Tricks,"*special, dp, graphs"
1346,D,Constructing the Dungeon,"*special, graphs, greedy"
1346,C,Spring Cleaning,"*special, greedy, sortings"
1344,A,Hilbert's Hotel,"math, number theory, sortings"
1343,D,Constant Palindrome Sum,"brute force, data structures, greedy, two pointers"
1342,C,Yet Another Counting Problem,"math, number theory"
1340,B,Nastya and Scoreboard,"bitmasks, dp, graphs, greedy"
1340,A,Nastya and Strange Generator,"brute force, data structures, greedy, implementation"
1338,A,Powered Addition,"greedy, math"
1336,B,Xenia and Colorful Gems,"binary search, greedy, math, sortings, two pointers"
1336,A,Linova and Kingdom,"dfs and similar, dp, greedy, sortings, trees"
1335,E1,Three Blocks Palindrome (easy version),"binary search, brute force, data structures, dp, two pointers"
1334,C,Circle of Monsters,"brute force, constructive algorithms, greedy, math"
1333,C,Eugene and an array,"binary search, data structures, implementation, two pointers"
1332,D,Walk on Matrix,"bitmasks, constructive algorithms, math"
1332,C,K-Complete Word,"dfs and similar, dsu, greedy, implementation, strings"
1329,B,Dreamoon Likes Sequences,"bitmasks, combinatorics, math"
1327,C,Game with Chips,"constructive algorithms, implementation"
1326,D1,Prefix-Suffix Palindrome (Easy version),"hashing, string suffix structures, strings"
1325,D,Ehab the Xorcist,"bitmasks, constructive algorithms, greedy, number theory"
1325,C,Ehab and Path-etic MEXs,"constructive algorithms, dfs and similar, greedy, trees"
1324,E,Sleeping Schedule,"dp, implementation"
1323,B,Count Subrectangles,"binary search, greedy, implementation"
1321,C,Remove Adjacent,"brute force, constructive algorithms, greedy, strings"
1320,B,Navigation System,"dfs and similar, graphs, shortest paths"
1313,C1,Skyscrapers (easy version),"brute force, data structures, dp, greedy"
1313,B,Different Rules,"constructive algorithms, greedy, implementation, math"
1312,D,Count the Arrays,"combinatorics, math"
1310,A,Recommendations,"data structures, greedy, sortings"
1307,C,Cow and Message,"brute force, dp, math, strings"
1305,C,Kuroni and Impossible Calculation,"brute force, combinatorics, math, number theory"
1304,C,Air Conditioner,"dp, greedy, implementation, sortings, two pointers"
1303,C,Perfect Keyboard,"dfs and similar, greedy, implementation"
1301,C,Ayoub's function,"binary search, combinatorics, greedy, math, strings"
1301,B,Motarack's Birthday,"binary search, greedy, ternary search"
1299,A,Anu Has a Function,"brute force, greedy, math"
1296,D,Fight with Monsters,"greedy, sortings"
1296,C,Yet Another Walking Robot,"data structures, implementation"
1295,C,Obtain The String,"dp, greedy, strings"
1295,B,Infinite Prefixes,"math, strings"
1294,D,MEX maximizing,"data structures, greedy, implementation, math"
1292,B,Aroma's Search,"brute force, constructive algorithms, geometry, greedy, implementation"
1290,A,Mind Control,"brute force, data structures, implementation"
1288,C,Two Arrays,"combinatorics, dp"
1287,B,Hyperset,"brute force, data structures, implementation"
1284,C,New Year and Permutation,"combinatorics, math"
1283,C,Friends and Gifts,"constructive algorithms, data structures, math"
1282,B2,K for the Price of One (Hard Version),"dp, greedy, sortings"
1281,B,Azamon Web Services,greedy
1280,A,Cut and Paste,"implementation, math"
1279,D,Santa's Bot,"combinatorics, math, probabilities"
1278,C,Berry Jam,"data structures, dp, greedy, implementation"
1278,B,A and B,"greedy, math"
1272,D,Remove One Element,"brute force, dp"
1269,B,Modulo Equality,"brute force, sortings"
1268,A,Long Beautiful Integer,"constructive algorithms, greedy, implementation, strings"
1267,E,Elections,greedy
1264,A,Beautiful Regional Contest,"greedy, implementation"
1263,D,Secret Passwords,"dfs and similar, dsu, graphs"
1260,C,Infinite Fence,"greedy, math, number theory"
1257,D,Yet Another Monster Killing Problem,"binary search, data structures, dp, greedy, sortings, two pointers"
1256,D,Binary String Minimizing,greedy
1256,C,Platforms Jumping,greedy
1255,C,League of Leesins,"constructive algorithms, implementation"
1254,A,Feeding Chicken,"constructive algorithms, greedy, implementation"
1253,D,Harmonious Graph,"constructive algorithms, dfs and similar, dsu, graphs, greedy, sortings"
1253,C,Sweets Eating,"dp, greedy, math, sortings"
1252,C,Even Path,"data structures, implementation"
1251,C,Minimize The Integer,"greedy, two pointers"
1250,L,Divide The Students,"binary search, greedy, math"
1250,H,Happy Birthday,math
1249,E,By Elevator or Stairs?,"dp, shortest paths"
1249,C2,Good Numbers (hard version),"binary search, greedy, math, meet-in-the-middle"
1243,B2,Character Swap (Hard Version),strings
1242,A,Tile Painting,"constructive algorithms, math, number theory"
1239,A,Ivan the Fool and the Probability Theory,"combinatorics, dp, math"
1238,C,Standard Free2play,"dp, greedy, math"
1237,C1,Balanced Removals (Easier),"constructive algorithms, geometry, greedy"
1236,B,Alice and the List of Presents,"combinatorics, math"
1234,D,Distinct Characters Queries,data structures
1234,C,Pipes,"dp, implementation"
1228,C,Primes and Multiplication,"math, number theory"
1227,D1,Optimal Subsequences (Easy Version),"data structures, greedy"
1227,C,Messy,constructive algorithms
1225,C,p-binary,"bitmasks, brute force, math"
1223,C,Save the Nature,"binary search, greedy"
1219,C,Periodic integer number,"implementation, strings"
1218,F,Workout plan,"data structures, greedy"
1217,C,The Number Of Good Substrings,"binary search, bitmasks, brute force"
1217,B,Zmei Gorynich,"greedy, math"
1216,C,White Sheet,"geometry, math"
1215,D,Ticket Game,"games, greedy, math"
1215,C,Swap Letters,"constructive algorithms, greedy"
1213,D2,Equalizing by Division (hard version),"brute force, math, sortings"
1213,D1,Equalizing by Division (easy version),"brute force, implementation"
1211,C,Ice Cream,"*special, greedy, sortings"
1211,B,Traveling Around the Golden Ring of Berland,"*special, implementation"
1210,B,Marcin and Training Camp,"brute force, greedy"
1210,A,Anadi and Domino,"brute force, graphs"
1209,D,Cow and Snacks,"dfs and similar, dsu, graphs"
1209,C,Paint the Digits,"constructive algorithms, greedy, implementation"
1208,B,Uniqueness,"binary search, brute force, implementation, two pointers"
1207,C,Gas Pipeline,"dp, greedy"
1204,C,"Anna, Svyatoslav and Maps","dp, graphs, greedy, shortest paths"
1203,E,Boxers,"greedy, sortings"
1203,D2,Remove the Substring (hard version),"binary search, greedy, implementation, two pointers"
1203,D1,Remove the Substring (easy version),"greedy, implementation"
1202,B,You Are Given a Decimal String...,"brute force, dp, shortest paths"
1201,B,Zero Array,"greedy, math"
1198,B,Welfare State,"binary search, brute force, data structures, sortings"
1198,A,MP3,"sortings, two pointers"
1196,D2,RGB Substring (hard version),"data structures, dp, implementation, two pointers"
1196,D1,RGB Substring (easy version),implementation
1196,C,Robot Breakout,implementation
1195,D1,Submarine in the Rybinsk Sea (easy edition),"combinatorics, math, number theory"
1194,D,1-2-K Game,"games, math"
1188,A1,Add on a Tree,trees
1186,D,Vus the Cossack and Numbers,"constructive algorithms, greedy, math"
1185,D,Extra Element,"implementation, math"
1185,C2,Exam in BerSU (hard version),"brute force, data structures, greedy, math"
1184,D1,Parallel Universes (Easy),implementation
1184,C1,Heidi and the Turing Test (Easy),implementation
1182,C,Beautiful Lyrics,"data structures, greedy, strings"
1181,B,Split a Number,"greedy, implementation, strings"
1180,B,Nick and Array,"greedy, implementation"
1179,A,Valeriy and Deque,"data structures, implementation"
1178,D,Prime Graph,"constructive algorithms, greedy, math, number theory"
1176,E,Cover it!,"dfs and similar, dsu, graphs, shortest paths, trees"
1175,C,Electrification,"binary search, brute force, greedy"
1175,B,Catch Overflow!,"data structures, expression parsing, implementation"
1169,B,Pairs,"graphs, implementation"
1168,A,Increasing by Modulo,"binary search, greedy"
1167,D,Bicolored RBS,"constructive algorithms, greedy"
1166,C,A Tale of Two Lands,"binary search, sortings, two pointers"
1165,E,Two Arrays and Sum of Functions,"greedy, math, sortings"
1165,D,Almost All Divisors,"math, number theory"
1163,B2,Cat Party (Hard Edition),"data structures, implementation"
1163,B1,Cat Party (Easy Edition),"data structures, implementation"
1158,A,The Party and Sweets,"binary search, constructive algorithms, greedy, implementation, math, sortings, two pointers"
1157,E,Minimum Array,"binary search, data structures, greedy"
1157,C2,Increasing Subsequence (hard version),greedy
1154,D,Walking Robot,greedy
1153,C,Serval and Parenthesis Sequence,"greedy, strings"
1151,D,Stas and the Queue at the Buffet,"greedy, math, sortings"
1151,B,Dima and a Bad XOR,"bitmasks, brute force, constructive algorithms, dp"
1148,C,Crazy Diamond,"constructive algorithms, sortings"
1148,B,Born This Way,"binary search, brute force, two pointers"
1147,A,Hide and Seek,graphs
1146,C,Tree Diameter,"bitmasks, graphs, interactive"
1144,F,Graph Without Long Directed Paths,"dfs and similar, graphs"
1142,A,The Beatles,"brute force, math"
1141,E,Superhero Battle,math
1141,D,Colored Boots,"greedy, implementation"
1141,C,Polycarp Restores Permutation,math
1140,C,Playlist,"brute force, data structures, sortings"
1139,C,Edgy Trees,"dfs and similar, dsu, graphs, math, trees"
1137,B,Camp Schedule,"greedy, hashing, strings"
1137,A,Skyscrapers,"implementation, sortings"
1136,C,Nastya Is Transposing Matrices,"constructive algorithms, sortings"
1133,F1,Spanning Tree with Maximum Degree,graphs
1133,D,Zero Quantity Maximization,"hashing, math, number theory"
1132,C,Painting the Fence,brute force
1131,F,Asya And Kittens,"constructive algorithms, dsu"
1129,A1,Toy Train (Simplified),"brute force, greedy"
1121,C,System Testing,implementation
1119,C,Ramesses and Corner Inversion,"constructive algorithms, greedy, implementation, math"
1118,E,Yet Another Ball Problem,"constructive algorithms, implementation"
1118,D2,Coffee and Coursework (Hard Version),"binary search, greedy"
1118,D1,Coffee and Coursework (Easy version),"brute force, greedy"
1118,C,Palindromic Matrix,"constructive algorithms, implementation"
1115,U3,Block unitary,*special
1115,U2,Chessboard unitary,*special
1115,U1,Anti-diagonal unitary,*special
1115,G3,Palindrome checker oracle,*special
1115,G2,OR oracle,*special
1114,C,Trailing Loves (or L'oeufs?),"brute force, implementation, math, number theory"
1114,B,Yet Another Array Partitioning Task,"constructive algorithms, greedy, sortings"
1111,C,Creative Snap,"binary search, brute force, divide and conquer, math"
1111,B,Average Superhero Gang Power ,"brute force, implementation, math"
1110,C,Meaningless Operations,"constructive algorithms, math, number theory"
1109,A,Sasha and a Bit of Relax,"dp, implementation"
1106,D,Lunar New Year and a Wander,"data structures, dfs and similar, graphs, greedy, shortest paths"
1106,B,Lunar New Year and Food Ordering,"data structures, implementation"
1105,C,Ayoub and Lost Array,"combinatorics, dp, math"
1102,E,Monotonic Renumeration,"combinatorics, sortings"
1102,D,Balanced Ternary String,"greedy, strings"
1101,E,Polycarp's New Job,implementation
1101,C,Division and Union,sortings
1098,A,Sum in the tree,"constructive algorithms, dfs and similar, greedy, trees"
1096,C,Polygon for the Angle,"brute force, geometry"
1095,D,Circular Dance,implementation
1093,D,Beautiful Graph,"dfs and similar, graphs"
1092,C,Prefixes and Suffixes,strings
1091,D,New Year and the Permutation Concatenation,"combinatorics, dp, math"
1089,G,Guest Student,math
1089,E,Easy Chess,constructive algorithms
1085,D,Minimum Diameter Tree,"constructive algorithms, implementation, trees"
1085,C,Connect Three,"implementation, math"
1084,C,The Fair Nut and String,"combinatorics, dp, implementation"
1082,C,Multi-Subject Competition,"greedy, sortings"
1082,B,Vova and Trophies,greedy
1081,C,Colorful Bricks,"combinatorics, dp, math"
1081,B,Farewell Party,"constructive algorithms, implementation"
1080,C,Masha and two friends,implementation
1077,D,Cutting Out,"binary search, sortings"
1073,D,Berland Fair,"binary search, brute force, data structures, greedy"
1070,H,BerOS File Suggestion,"brute force, implementation"
1070,F,Debate,greedy
1068,C,Colored Rooks,"constructive algorithms, graphs"
1066,E,Binary Numbers AND Sum,"data structures, implementation, math"
1066,B,Heaters,"greedy, two pointers"
1065,C,Make It Equal,greedy
1062,C,Banh-mi,"greedy, implementation, math"
1062,B,Math,"greedy, math, number theory"
1061,C,Multiplicity,"data structures, dp, implementation, math, number theory"
1060,C,Maximum Subrectangle,"binary search, implementation, two pointers"
1059,C,Sequence Transformation,"constructive algorithms, math"
1056,D,Decorate Apple Tree,"constructive algorithms, dfs and similar, dp, graphs, greedy, sortings, trees"
1056,C,Pick Heroes,"greedy, implementation, interactive, sortings"
1056,B,Divide Candies,"math, number theory"
1054,C,Candies Distribution,"constructive algorithms, implementation"
1051,D,Bicolorings,"bitmasks, dp"
1051,C,Vasya and Multisets,"brute force, dp, greedy, implementation, math"
1045,I,Palindrome Pairs,"hashing, strings"
1044,A,The Tower is Going Home,"binary search, two pointers"
1043,D,Mysterious Crime,"brute force, combinatorics, math, meet-in-the-middle, two pointers"
1043,C,Smallest Word,"constructive algorithms, greedy, implementation"
1042,C,Array Product,"constructive algorithms, greedy, math"
1041,D,Glider,"binary search, data structures, two pointers"
1041,C,Coffee Break,"binary search, data structures, greedy, two pointers"
1037,D,Valid BFS?,"dfs and similar, graphs, shortest paths, trees"
1036,D,Vasya and Arrays,"greedy, two pointers"
1036,B,Diagonal Walking v.2,math
1033,C,Permutation Game,"brute force, dp, games"
1032,C,Playing Piano,"constructive algorithms, dp"
1031,C,Cram Time,greedy
1031,B,Curiosity Has No Limits,
1029,C,Maximal Intersection,"greedy, math, sortings"
1028,C,Rectangles,"geometry, implementation, sortings"
1027,D,Mouse Hunt,"dfs and similar, graphs"
1027,C,Minimum Value Rectangle,greedy
1025,C,Plasticine zebra,"constructive algorithms, implementation"
1025,B,Weakened Common Divisor,"brute force, greedy, number theory"
1023,D,Array Restoration,"constructive algorithms, data structures"
1019,A,Elections,"brute force, greedy"
1017,C,The Phone Number,"constructive algorithms, greedy"
1015,E1,Stars Drawing (Easy Edition),"brute force, dp, greedy"
1015,D,Walking Between Houses,"constructive algorithms, greedy"
1012,A,Photo of The Sky,"brute force, implementation, math, sortings"
1010,A,Fly,"binary search, math"
1009,D,Relatively Prime Graph,"brute force, constructive algorithms, graphs, greedy, math"
1009,C,Annoying Present,"greedy, math"
1006,E,Military Problem,"dfs and similar, graphs, trees"
1006,D,Two Strings Swaps,implementation
1005,D,Polycarp and Div 3,"dp, greedy, number theory"
1003,D,Coins and Queries,greedy
1002,E1,Bernstein-Vazirani algorithm,
1002,D3,Oracle for majority function,
1002,C1,Distinguish zero state and plus state with minimum error,
1002,B4,Distinguish four 2-qubit states - 2,
1002,B3,Distinguish four 2-qubit states,
1002,B2,Distinguish GHZ state and W state,
1002,A3,Generate superposition of two basis states,
1001,I,Deutsch-Jozsa algorithm,*special
1001,E,Distinguish Bell states,*special
1000,C,Covered Points Count,"data structures, implementation, sortings"
1000,B,Light It Up,greedy
997,A,Convert to Ones,"brute force, greedy, implementation, math"
993,A,Two Squares,"geometry, implementation"
992,C,Nastya and a Wardrobe,math
992,B,Nastya Studies Informatics,"math, number theory"
991,D,Bishwock,"dp, greedy"
991,C,Candies,"binary search, implementation"
990,D,Graph And Its Complement,"constructive algorithms, graphs, implementation"
990,C,Bracket Sequences Concatenation Problem,implementation
986,A,Fair,"graphs, greedy, number theory, shortest paths"
985,C,Liebig's Barrels,greedy
983,A,Finite or not?,"implementation, math"
982,C,Cut 'em all!,"dfs and similar, dp, graphs, greedy, trees"
980,C,Posterized,"games, greedy"
980,B,Marlin,constructive algorithms
979,C,Kuro and Walking Route,"dfs and similar, trees"
978,G,Petya's Exams,"greedy, implementation, sortings"
978,F,Mentors,"binary search, data structures, implementation"
978,D,Almost Arithmetic Progression,"brute force, implementation, math"
977,F,Consecutive Subsequence,dp
977,E,Cyclic Components,"dfs and similar, dsu, graphs"
976,C,Nested Segments,"greedy, implementation, sortings"
962,D,Merge Equals,"data structures, implementation"
960,C,Subsequence Counting,"bitmasks, constructive algorithms, greedy, implementation"
960,B,Minimize the error,"data structures, greedy, sortings"
959,C,Mahmoud and Ehab and the wrong algorithm,"constructive algorithms, trees"
958,F1,Lightsabers (easy),implementation
958,E1,Guard Duty (easy),"brute force, geometry, greedy, math"
954,D,Fight Against Traffic,"dfs and similar, graphs, shortest paths"
954,C,Matrix Walk,implementation
952,C,Ravioli Sort,implementation
949,B,A Leapfrog in the Array,"constructive algorithms, math"
949,A,Zebras,greedy
940,D,Alena And The Heater,"binary search, implementation"
940,C,Phone Numbers,"constructive algorithms, implementation, strings"
939,D,Love Rescue,"dfs and similar, dsu, graphs, greedy, strings"
939,C,Convenient For Everybody,"binary search, two pointers"
938,C,Constructing Tests,"binary search, brute force, constructive algorithms"
936,A,Save Energy!,"binary search, implementation, math"
935,C,Fifa and Fafa,geometry
932,C,Permutation Cycle,"brute force, constructive algorithms"
931,C,Laboratory Work,"implementation, math"
930,B,Game with String,"implementation, probabilities, strings"
930,A,Peculiar apple-tree,"dfs and similar, graphs, trees"
929,C,Красивая команда,"*special, combinatorics, math"
926,I,A Vital Problem,
926,G,Large Bouquets,
926,D,Choose Place,
926,C,Is This a Zebra?,implementation
925,B,Resource Distribution,"binary search, implementation, sortings"
925,A,Stairs and Elevators,binary search
924,C,Riverside Curio,"data structures, dp, greedy"
924,B,Three-level Laser,"binary search, greedy, two pointers"
923,B,Producing Snow,"binary search, data structures"
923,A,Primal Sport,"math, number theory"
922,C,Cave Painting,"brute force, number theory"
919,D,Substring,"dfs and similar, dp, graphs"
917,B,MADMAX,"dfs and similar, dp, games, graphs"
916,C,Jamie and Interesting Graph,"constructive algorithms, graphs, shortest paths"
915,C,Permute Digits,"dp, greedy"
913,C,Party Lemonade,"bitmasks, dp, greedy"
910,C,Minimum Sum,"constructive algorithms, greedy, math"
910,B,Door Frames,"greedy, implementation"
908,C,New Year and Curling,"brute force, geometry, implementation, math"
906,A,Shockers,"implementation, strings"
901,A,Hashing Trees,"constructive algorithms, trees"
900,C,Remove Extra One,"brute force, data structures, math"
898,E,Squares and not squares,"constructive algorithms, greedy"
898,D,Alarm Clock,greedy
896,A,Nephren gives a riddle,"binary search, dfs and similar"
895,B,XK Segments,"binary search, math, sortings, two pointers"
891,A,Pride,"brute force, dp, greedy, math, number theory"
888,D,Almost Identity Permutations,"combinatorics, dp, math"
887,C,Solution for Cube,"brute force, implementation"
884,C,Bertown Subway,"dfs and similar, greedy, math"
883,E,Field of Wonders,"implementation, strings"
878,A,Short Program,"bitmasks, constructive algorithms"
877,C,Slava and tanks,constructive algorithms
877,B,Nikita and string,"brute force, dp"
875,B,Sorting the Coins,"dsu, implementation, sortings, two pointers"
873,C,Strange Game On Matrix,"greedy, two pointers"
873,B,Balanced Substring,"dp, implementation"
868,C,Qualification Rounds,"bitmasks, brute force, constructive algorithms, dp"
864,D,Make a Permutation!,"greedy, implementation, math"
864,C,Bus,"greedy, implementation, math"
863,B,Kayaking,"brute force, greedy, sortings"
859,C,Pie Rules,"dp, games"
858,D,Polycarp's phone book,"data structures, implementation, sortings"
858,C,Did you mean...,"dp, greedy, implementation"
858,B,Which floor?,"brute force, implementation"
856,A,Set Theory,"brute force, constructive algorithms"
855,B,Marvolo Gaunt's Ring,"brute force, data structures, dp"
853,A,Planning,greedy
852,G,Bathroom terminal,implementation
850,A,Five Dimensional Points,"brute force, geometry, math"
849,B,Tell Your World,"brute force, geometry"
848,A,From Y to Y,constructive algorithms
847,H,Load Testing,greedy
847,B,Preparing for Merge Sort,"binary search, data structures"
847,A,Union of Doubly Linked Lists,implementation
846,A,Curriculum Vitae,"brute force, implementation"
845,C,Two TVs,"data structures, greedy, sortings"
845,B,Luba And The Ticket,"brute force, greedy, implementation"
839,C,Journey,"dfs and similar, dp, graphs, probabilities, trees"
837,C,Two Seals,"brute force, implementation"
837,B,Flag of Berland,"brute force, implementation"
835,C,Star sky,"dp, implementation"
833,A,The Meaningless Game,"math, number theory"
832,B,Petya and Exam,"implementation, strings"
831,C,Jury Marks,"brute force, constructive algorithms"
830,B,Cards Sorting,"data structures, implementation, sortings"
827,A,String Reconstruction,"data structures, greedy, sortings, strings"
825,D,Suitable Replacement,"binary search, greedy, implementation"
825,C,Multi-judge Solving,"greedy, implementation"
825,B,Five-In-a-Row,"brute force, implementation"
822,C,"Hacker, pack your bags!","binary search, greedy, implementation, sortings"
821,C,Okabe and Boxes,"data structures, greedy, trees"
818,D,Multicolored Cars,"data structures, implementation"
818,B,Permutation Game,implementation
817,C,Really Big Numbers,"binary search, brute force, dp, math"
817,B,Makes And The Product,"combinatorics, implementation, math, sortings"
815,A,Karen and Game,"brute force, greedy, implementation"
814,C,An impassioned circulation of affection,"brute force, dp, strings, two pointers"
813,C,The Tag Game,"dfs and similar, graphs"
812,C,Sagheer and Nubian Market,"binary search, sortings"
812,B,"Sagheer, the Hausmeister","bitmasks, brute force, dp"
809,A,Do you want a date?,"implementation, math, sortings"
798,C,Mike and gcd problem,"dp, greedy, number theory"
797,C,Minimal string,"data structures, greedy, strings"
793,B,Igor and his way to work,"dfs and similar, graphs, implementation, shortest paths"
789,B,Masha and geometric depression,"brute force, implementation, math"
788,A,Functions again,"dp, two pointers"
785,C,Anton and Fairy Tale,"binary search, math"
784,A,Numbers Joke,*special
780,C,Andryusha and Colored Balloons,"dfs and similar, graphs, greedy, trees"
780,B,The Meeting Place Cannot Be Changed,binary search
778,A,String Game,"binary search, greedy, strings"
777,C,Alyona and Spreadsheet,"binary search, data structures, dp, greedy, implementation, two pointers"
774,K,Stepan and Vowels,"*special, implementation, strings"
774,D,Lie or Truth,"*special, constructive algorithms, implementation, sortings"
773,A,Success Rate,"binary search, math"
771,B,Bear and Different Names,"constructive algorithms, greedy"
771,A,Bear and Friendship Condition,"dfs and similar, dsu, graphs"
770,C,Online Courses In BSU,"*special, dfs and similar, graphs, implementation"
769,D,k-Interesting Pairs Of Integers,"*special, bitmasks, brute force, meet-in-the-middle"
769,C,Cycle In Maze,"*special, dfs and similar, graphs, greedy, shortest paths"
768,B,Code For 1,"constructive algorithms, dfs and similar, divide and conquer"
766,C,Mahmoud and a Message,"brute force, dp, greedy, strings"
765,D,Artsem and Saunders,"constructive algorithms, dsu, math"
763,A,Timofey and a tree,"dfs and similar, dp, dsu, graphs, implementation, trees"
761,D,Dasha and Very Difficult Problem,"binary search, brute force, constructive algorithms, greedy, sortings"
761,C,Dasha and Password,"brute force, dp, implementation"
760,B,Frodo and pillows,"binary search, greedy"
758,C,Unfair Poll,"binary search, constructive algorithms, implementation, math"
756,B,Travel Card,"binary search, dp"
756,A,Pavel and barbecue,"constructive algorithms, dfs and similar"
753,B,Interactive Bulls and Cows (Easy),"brute force, constructive algorithms, implementation"
750,C,New Year and Rating,"binary search, greedy, math"
749,C,Voting,"greedy, implementation, two pointers"
748,B,Santa Claus and Keyboard Check,"implementation, strings"
747,E,Comments,"dfs and similar, expression parsing, implementation, strings"
746,D,Green and Black Tea,"constructive algorithms, greedy, math"
746,C,Tram,"constructive algorithms, implementation, math"
744,A,Hongcow Builds A Nation,"dfs and similar, graphs"
743,C,Vladik and fractions,"brute force, constructive algorithms, math, number theory"
742,B,Arpa’s obvious problem and Mehrdad’s terrible solution,"brute force, math, number theory"
741,B,Arpa's weak amphitheater and Mehrdad's valuable Hoses,"dfs and similar, dp, dsu"
741,A,Arpa's loud Owf and Mehrdad's evil plan,"dfs and similar, math"
739,A,Alyona and mex,"constructive algorithms, greedy"
735,D,Taxes,"math, number theory"
735,C,Tennis Championship,"combinatorics, constructive algorithms, greedy, math"
734,D,Anton and Chess,implementation
734,C,Anton and Making Potions,"binary search, dp, greedy, two pointers"
733,D,Kostya the Sculptor,"data structures, hashing"
732,D,Exams,"binary search, greedy, sortings"
731,C,Socks,"dfs and similar, dsu, graphs, greedy"
730,G,Car Repair Shop,implementation
729,D,Sea Battle,"constructive algorithms, greedy, math"
729,C,Road to Cinema,"binary search, greedy, sortings"
727,B,Bill Total Value,"expression parsing, implementation, strings"
725,C,Hidden Word,"brute force, constructive algorithms, implementation, strings"
724,B,Batch Sort,"brute force, greedy, implementation, math"
723,D,Lakes in Berland,"dfs and similar, dsu, graphs, greedy, implementation"
723,C,Polycarp at the Radio,greedy
722,C,Destroying Array,"data structures, dsu"
718,A,Efim and Strange Grade,"dp, implementation, math"
715,A,Plus and Square Root,"constructive algorithms, math"
712,C,Memory and De-Evolution,"greedy, math"
711,C,Coloring Trees,dp
710,C,Magic Odd Square,"constructive algorithms, math"
709,B,Checkpoints,"greedy, implementation, sortings"
707,C,Pythagorean Triples,"math, number theory"
706,C,Hard problem,"dp, strings"
704,A,Thor,"brute force, data structures, implementation"
702,C,Cellular Network,"binary search, implementation, two pointers"
702,B,Powers of Two,"brute force, data structures, implementation, math"
701,C,They Are Everywhere,"binary search, strings, two pointers"
698,B,Fix a Tree,"constructive algorithms, dfs and similar, dsu, graphs, trees"
696,B,Puzzles,"dfs and similar, math, probabilities, trees"
696,A,Lorenzo Von Matterhorn,"brute force, data structures, implementation, trees"
691,D,Swaps in Permutation,"dfs and similar, dsu, math"
691,B,s-palindrome,"implementation, strings"
690,C2,Brain Network (medium),"dfs and similar, graphs, trees"
690,B1,Recover Polygon (easy),
689,C,Mike and Chocolate Thieves,"binary search, combinatorics, math"
689,B,Mike and Shortcuts,"dfs and similar, graphs, greedy, shortest paths"
687,A,NP-Hard Problem,"dfs and similar, graphs"
685,A,Robbers' watch,"brute force, combinatorics, dp, math"
683,C,Symmetric Difference,*special
683,B,The Teacher of Physical Education,*special
682,C,Alyona and the Tree,"dfs and similar, dp, graphs, trees"
681,C,Heap Operations,"constructive algorithms, data structures, greedy"
678,D,Iterated Linear Function,"math, number theory"
678,C,Joty and Chocolate,"implementation, math, number theory"
678,B,The Same Calendar,implementation
677,C,Vanya and Label,"bitmasks, combinatorics, implementation, strings"
676,C,Vasya and String,"binary search, dp, strings, two pointers"
676,B,Pyramid of Glasses,"implementation, math, math"
670,E,Correct Bracket Sequence Editor,"data structures, dsu, strings"
670,D2,Magic Powder - 2,"binary search, implementation"
665,A,Buses Between Cities,implementation
660,C,Hard Process,"binary search, dp, two pointers"
659,E,New Reform,"data structures, dfs and similar, dsu, graphs, greedy"
659,D,Bicycle Race,"geometry, implementation, math"
656,B,Scrambled,"*special, implementation"
645,C,Enduring Exodus,"binary search, two pointers"
644,B,Processing Queries,"*special, constructive algorithms, data structures, two pointers"
643,B,Bear and Two Paths,"constructive algorithms, graphs"
643,A,Bear and Colors,implementation
639,B,Bear and Forgotten Tree 3,"constructive algorithms, graphs, trees"
638,B,Making Genome in Berland,"*special, dfs and similar, strings"
637,D,Running with Obstacles,"*special, data structures, dp, greedy"
632,C,The Smallest String Concatenation,"sortings, strings"
631,C,Report,"data structures, sortings"
630,Q,Pyramids,"geometry, math"
630,K,Indivisibility,"math, number theory"
630,I,Parking Lot,"combinatorics, math"
630,G,Challenge Pennants,"combinatorics, math"
627,B,Factory Repairs,data structures
627,A,XOR Equation,"dp, math"
626,C,Block Towers,"brute force, greedy, math, number theory"
625,A,Guest From the Past,"implementation, math"
622,C,Not Equal on a Segment,"data structures, implementation"
621,C,Wet Shark and Flowers,"combinatorics, math, number theory, probabilities"
620,C,Pearls in a Row,greedy
618,C,Constellation,"geometry, implementation"
617,D,Polyline,"constructive algorithms, implementation"
617,C,Watering Flowers,implementation
616,D,Longest k-Good Segment,"binary search, data structures, two pointers"
616,C,The Labyrinth,dfs and similar
615,B,Longtail Hedgehog,"dp, graphs"
614,A,Link/Cut Tree,"brute force, implementation"
611,C,New Year and Domino,"dp, implementation"
609,C,Load Balancing,"implementation, math"
608,B,Hamming Distance Sum,"combinatorics, strings"
607,A,Chain Reaction,"binary search, dp"
606,B,Testing Robots,implementation
605,B,Lazy Student,"constructive algorithms, data structures, graphs"
605,A,Sorting Railway Cars,"constructive algorithms, greedy"
603,A,Alternative Thinking,"dp, greedy, math"
601,A,The Two Routes,"graphs, shortest paths"
600,A,Extract Numbers,"implementation, strings"
599,C,Day at the Beach,sortings
599,B,Spongebob and Joke,implementation
598,D,Igor In the Museum,"dfs and similar, graphs, shortest paths"
597,B,Restaurant,"dp, greedy, sortings"
597,A,Divisibility,math
596,C,Wilbur and Points,"combinatorics, greedy, sortings"
595,B,Pasha and Phone,"binary search, math"
593,B,Anton and Lines,"geometry, sortings"
590,A,Median Smoothing,implementation
587,A,Duff and Weight Lifting,greedy
585,B,Phillip and Trains,"dfs and similar, graphs, shortest paths"
584,C,Marina and Vasya,"constructive algorithms, greedy, strings"
584,B,Kolya and Tanya ,combinatorics
582,A,GCD Table,"constructive algorithms, greedy, number theory"
581,D,Three Logos,"bitmasks, brute force, constructive algorithms, geometry, implementation, math"
580,C,Kefa and Park,"dfs and similar, graphs, trees"
580,B,Kefa and Company,"binary search, sortings, two pointers"
578,B,"""Or"" Game","brute force, greedy"
578,A,A Problem about Polyline,"geometry, math"
576,A,Vasya and Petya's Game,"math, number theory"
575,D,Tablecity,"constructive algorithms, implementation"
574,B,Bear and Three Musketeers,"brute force, dfs and similar, graphs, hashing"
573,B,Bear and Blocks,"binary search, data structures, dp, math"
570,C,Replacement,"constructive algorithms, data structures, implementation"
569,A,Music,"implementation, math"
568,A,Primes or Palindromes?,"brute force, implementation, math, number theory"
567,D,One-Dimensional Battle Ships,"binary search, data structures, greedy, sortings"
567,C,Geometric Progression,"binary search, data structures, dp"
566,F,Clique in the Divisibility Graph,"dp, math, number theory"
559,B,Equivalent Strings,"divide and conquer, hashing, sortings, strings"
559,A,Gerald's Hexagon,"brute force, geometry, math"
557,B,Pasha and Tea,"constructive algorithms, implementation, math, sortings"
555,A,Case of Matryoshkas,implementation
553,A,Kyoya and Colored Balls,"combinatorics, dp, math"
550,C,Divisibility by Eight,"brute force, dp, math"
550,A,Two Substrings,"brute force, dp, greedy, implementation, strings"
546,D,Soldier and Number Game,"constructive algorithms, dp, math, number theory"
545,C,Woodcutters,"dp, greedy"
540,B,School Marks,"greedy, implementation"
538,C,Tourist's Notes,"binary search, brute force, greedy, implementation, math"
534,C,Polycarpus' Dice,math
533,C,Board Game,"games, greedy, implementation, math"
530,E,Sum and product,*special
530,D,Set subtraction,*special
530,C,Diophantine equation,*special
530,B,String inside out,*special
530,A,Quadratic equation,*special
527,C,Glass Carving,"binary search, data structures, implementation"
527,B,Error Correct System,greedy
525,C,Ilya and Sticks,"greedy, math, sortings"
524,B,Фото на память - 2 (round version),"dp, greedy"
524,A,"Возможно, вы знаете этих людей?",implementation
523,D,Statistics of Recompressing Videos,"*special, data structures, implementation"
523,B,Mean Requests,"*special, implementation"
520,C,DNA Alignment,"math, strings"
518,D,Ilya and Escalator,"combinatorics, dp, math, probabilities"
518,C,Anya and Smartphone,"constructive algorithms, data structures, implementation"
518,A,Vitaly and Strings,"constructive algorithms, strings"
510,C,Fox And Names,"dfs and similar, graphs, sortings"
510,B,Fox And Two Dots,dfs and similar
508,C,Anya and Ghosts,"constructive algorithms, greedy"
507,C,Guess Your Way Out!,"implementation, math, trees"
501,C,Misha and Forest,"constructive algorithms, data structures, greedy, sortings, trees"
500,C,New Year Book Reading,"constructive algorithms, greedy, implementation, math"
500,B,New Year Permutation,"dfs and similar, dsu, graphs, greedy, math, sortings"
498,A,Crazy Town,geometry
496,C,Removing Columns,"brute force, constructive algorithms, implementation"
496,B,Secret Combination,"brute force, constructive algorithms, implementation"
495,B,Modular Equations,"math, number theory"
494,A,Treasure,greedy
493,D,Vasya and Chess,"constructive algorithms, games, math"
493,C,Vasya and Basketball,"binary search, brute force, data structures, implementation, sortings, two pointers"
490,C,Hacking Cypher,"brute force, math, number theory, strings"
490,B,Queue,"dsu, implementation"
489,D,Unbearable Controversy of Being,"brute force, combinatorics, dfs and similar, graphs"
486,C,Palindrome Transformation,"brute force, greedy, implementation"
484,A,Bits,"bitmasks, constructive algorithms"
479,D,Long Jumps,"binary search, greedy, implementation"
476,C,Dreamoon and Sums,math
474,D,Flowers,dp
471,C,MUH and House of Cards,"binary search, brute force, greedy, math"
468,A,24 Game,"constructive algorithms, greedy, math"
467,C,George and Job,"dp, implementation"
466,C,Number of Ways,"binary search, brute force, data structures, dp, two pointers"
464,A,No to Palindromes!,"greedy, strings"
460,C,Present,"binary search, data structures, greedy"
460,B,Little Dima and Equation,"brute force, implementation, math, number theory"
457,A,Golden System,"math, meet-in-the-middle"
455,A,Boredom,dp
453,A,Little Pony and Expected Maximum,probabilities
451,C,Predict Outcome of the Game,"brute force, implementation, math"
449,A,Jzzhu and Chocolate,"greedy, math"
446,A,DZY Loves Sequences,"dp, implementation, two pointers"
444,A,DZY Loves Physics,"greedy, math"
443,B,Kolya and Tandem Repeat,"brute force, implementation, strings"
442,A,Borya and Hanabi,"bitmasks, brute force, implementation"
441,C,Valera and Tubes ,"constructive algorithms, dfs and similar, implementation"
440,B,Balancer,"greedy, implementation"
439,D,Devu and his Brother,"binary search, sortings, ternary search, two pointers"
439,C,Devu and Partitioning of the Array,"brute force, constructive algorithms, implementation, number theory"
437,B,The Child and Set,"bitmasks, greedy, implementation, sortings"
436,A,Feed with Candy,greedy
435,C,Cardiogram,implementation
431,C,k-Tree,"dp, implementation, trees"
430,A,Points and Segments (easy),"constructive algorithms, sortings"
429,B,Working out,dp
427,C,Checkposts,"dfs and similar, graphs, two pointers"
425,A,Sereja and Swaps,"brute force, sortings"
424,C,Magic Formulas,math
417,A,Elimination,"dp, implementation, math"
416,C,Booking System,"binary search, dp, greedy, implementation"
415,B,Mashmokh and Tokens,"binary search, greedy, implementation, math"
414,A,Mashmokh and Numbers,"constructive algorithms, number theory"
411,C,Kicker,implementation
411,B,Multi-core Processor,implementation
409,H,A + B Strikes Back,"*special, brute force, constructive algorithms, dsu, implementation"
409,D,Big Data,*special
409,C,Magnum Opus,*special
409,B,Mysterious Language,*special
409,A,The Great Game,*special
407,B,Long Path,"dp, implementation"
407,A,Triangle,"brute force, geometry, implementation, math"
405,D,Toy Sum,"greedy, implementation, math"
405,C,Unusual Product,"implementation, math"
404,B,Marathon,"implementation, math"
402,C,Searching for Graph,"brute force, constructive algorithms, graphs"
400,C,Inna and Huge Candy Matrix,"implementation, math"
387,C,George and Number,"greedy, implementation"
385,C,Bear and Prime Numbers,"binary search, brute force, data structures, dp, implementation, math, number theory"
384,B,Multitasking,"greedy, implementation, sortings, two pointers"
383,A,Milking cows,"data structures, greedy"
382,C,Arithmetic Progression,"implementation, sortings"
380,A,Sereja and Prefixes,"binary search, brute force"
377,A,Maze,dfs and similar
375,B,Maximum Submatrix 2,"data structures, dp, implementation, sortings"
375,A,Divisible by Seven,"math, number theory"
374,B,Inna and Nine,"combinatorics, greedy"
373,B,Making Sequences is Fun,"binary search, implementation, math"
372,A,Counting Kangaroos is Fun,"binary search, greedy, sortings, two pointers"
371,C,Hamburgers,"binary search, brute force"
369,C,Valera and Elections,"dfs and similar, graphs, trees"
367,A,Sereja and Algorithm ,"data structures, implementation"
364,A,Matrix,"combinatorics, data structures, implementation"
362,A,Two Semiknights Meet,"greedy, math"
360,A,Levko and Array Recovery,"greedy, implementation"
358,B,Dima and Text Messages,"brute force, strings"
356,A,Knight Tournament,"data structures, dsu"
354,A,Vasya and Robot,"brute force, greedy, math"
353,C,Find Maximum,"implementation, math, number theory"
350,C,Bombs,"greedy, implementation, sortings"
350,B,Resort,graphs
349,B,Color the Fence,"data structures, dp, greedy, implementation"
348,A,Mafia,"binary search, math, sortings"
346,A,Alice and Bob,"games, math, number theory"
345,A,Expecting Trouble,"*special, probabilities"
343,B,Alternating Current,"data structures, greedy, implementation"
343,A,Rational Resistance,"math, number theory"
342,B,Xenia and Spies,"brute force, greedy, implementation"
340,D,Bubble Sort Graph,"binary search, data structures, dp"
340,C,Tourist Problem,"combinatorics, implementation, math"
339,D,Xenia and Bit Operations,"data structures, trees"
339,C,Xenia and Weights,"constructive algorithms, dfs and similar, dp, graphs, greedy, shortest paths"
337,C,Quiz,"binary search, greedy, math, matrices, number theory"
333,A,Secrets,greedy
332,B,Maximum Absurdity,"data structures, dp, implementation"
331,B1,Shave Beaver!,implementation
331,A2,Oh Sweet Beaverette,"data structures, sortings"
329,B,Biridian Forest,"dfs and similar, shortest paths"
329,A,Purification,"constructive algorithms, greedy"
328,B,Sheldon and Ice Pieces,greedy
327,C,Magic Five,"combinatorics, math"
325,A,Square and Rectangles,implementation
323,A,Black-and-White Cube,"combinatorics, constructive algorithms"
322,B,Ciel and Flowers,"combinatorics, math"
321,A,Ciel and Robot,"binary search, implementation, math"
320,B,Ping-Pong (Easy Version),"dfs and similar, graphs"
319,A,Malek Dance Club,"combinatorics, math"
317,A,Perfect Pair,brute force
316,G1,Good Substrings,"hashing, strings"
316,E1,Summer Homework,"brute force, data structures"
316,B2,EKG,"dfs and similar, dp"
316,B1,EKG,"brute force, dfs and similar"
314,A,Sereja and Contest,implementation
305,C,Ivan and Powers of Two,"greedy, implementation"
305,B,Continued Fractions,"brute force, implementation, math"
305,A,Strange Addition,"brute force, constructive algorithms, implementation"
303,B,Rectangle Puzzle II,"implementation, math"
300,B,Coach,"brute force, dfs and similar, graphs"
297,B,Fish Weight,"constructive algorithms, greedy"
297,A,Parity Game,constructive algorithms
295,B,Greg and Graph,"dp, graphs, shortest paths"
294,B,Shaass and Bookshelf,"dp, greedy"
293,A,Weird Game,"games, greedy"
291,D,Parallel Programming,"*special, greedy"
291,C,Network Mask,"*special, bitmasks, brute force, implementation"
290,C,WTF?,"*special, graph matchings, implementation, trees"
290,B,QR code,"*special, implementation"
288,C,Polo the Penguin and XOR operation,"implementation, math"
288,B,Polo the Penguin and Houses ,combinatorics
287,B,Pipeline,"binary search, math"
283,B,Cow Program,"dfs and similar, dp, graphs"
283,A,Cows and Sequence,"constructive algorithms, data structures, implementation"
282,C,XOR and OR,"constructive algorithms, implementation, math"
282,B,Painting Eggs,"greedy, math"
281,B,Nearest Fraction,"brute force, implementation, two pointers"
279,C,Ladder,"dp, implementation, two pointers"
278,B,New Problem,"brute force, strings"
276,D,Little Girl and Maximum XOR,"bitmasks, dp, greedy, implementation, math"
276,C,Little Girl and Maximum Sum,"data structures, greedy, implementation, sortings"
275,B,Convex Shape,"constructive algorithms, implementation"
274,A,k-Multiple Free Set,"binary search, greedy, sortings"
272,D,Dima and Two Sequences,"combinatorics, math, sortings"
272,C,Dima and Staircase,"data structures, implementation"
271,C,Secret,"constructive algorithms, implementation"
269,B,Greenhouse Effect,dp
269,A,Magical Boxes,"greedy, math"
268,C,Beautiful Sets of Points,"constructive algorithms, implementation"
264,B,Good Sequences,"dp, number theory"
260,C,Balls and Boxes,"constructive algorithms, greedy, implementation"
260,B,Ancient Prophesy,"brute force, implementation, strings"
255,C,Almost Arithmetical Progression,"brute force, dp"
254,B,Jury Size,"brute force, implementation"
253,C,Text Editor,"data structures, dfs and similar, graphs, greedy, shortest paths"
250,C,Movie Critics,greedy
250,B,Restoring IPv6,"implementation, strings"
246,D,Colorful Graph,"brute force, dfs and similar, graphs"
246,C,Beauty Pageant,"brute force, constructive algorithms, greedy"
245,D,Restoring Table,"constructive algorithms, greedy"
245,C,Game with Coins,greedy
244,B,Undoubtedly Lucky Numbers,"bitmasks, brute force, dfs and similar"
243,A,The Brand New Function,bitmasks
239,B,Easy Tape Programming,"brute force, implementation"
237,C,Primes on Interval,"binary search, number theory, two pointers"
237,B,Young Table,"implementation, sortings"
235,A,LCM Challenge,number theory
234,G,Practice,"constructive algorithms, divide and conquer, implementation"
234,E,Champions' League,implementation
234,D,Cinema,implementation
232,A,Cycles,"binary search, constructive algorithms, graphs, greedy"
231,D,Magic Box,"brute force, geometry"
231,C,To Add or Not to Add,"binary search, sortings, two pointers"
231,B,"Magic, Wizardry and Wonders","constructive algorithms, greedy"
229,B,Planets,"binary search, data structures, graphs, shortest paths"
229,A,Shifts,"brute force, two pointers"
225,C,Barcode,"dp, matrices"
225,B,Well-known Numbers,"binary search, greedy, number theory"
224,B,Array,"bitmasks, implementation, two pointers"
223,A,Bracket Sequence,"data structures, expression parsing, implementation"
219,D,Choosing Capital for Treeland,"dfs and similar, dp, graphs, trees"
219,C,Color Stripe,"brute force, dp, greedy"
216,D,Spider's Web,"binary search, sortings, two pointers"
216,B,Forming Teams,"dfs and similar, implementation"
214,B,Hometask,"brute force, constructive algorithms, greedy, math"
213,A,Game,"dfs and similar, greedy"
212,E,IT Restaurants,"dfs and similar, dp, trees"
209,A,Multicolored Marbles,"dp, math"
207,D7,The Beaver's Problem - 3,
207,D5,The Beaver's Problem - 3,
207,B3,Military Trainings,
207,B1,Military Trainings,
207,A1,Beaver's Calculator 1.0,greedy
204,B,Little Elephant and Cards,"binary search, data structures"
204,A,Little Elephant and Interval,"binary search, combinatorics, dp"
203,D,Hit Ball,"geometry, implementation, math"
202,B,Brand New Easy Problem,brute force
201,A,Clear Symmetry,"constructive algorithms, dp, math"
198,A,About Bacteria,"implementation, math"
197,A,Plate Game,"constructive algorithms, games, math"
193,A,Cutting Figure,"constructive algorithms, graphs, trees"
191,B,Demonstration,greedy
191,A,Dynasty Puzzles,dp
190,C,STL,dfs and similar
188,G,Array Sorting,"*special, implementation"
187,A,Permutations,greedy
183,B,Zoo,"brute force, geometry"
183,A,Headquarters,"constructive algorithms, math"
178,D1,Magic Squares,
178,C1,Smart Beaver and Resolving Collisions,
178,B2,Greedy Merchants,
178,B1,Greedy Merchants,
177,E1,Space Voyage,binary search
177,D2,Encrypting Messages,data structures
177,C2,Party,"brute force, dfs and similar, dsu, graphs"
177,C1,Party,"dfs and similar, dsu, graphs"
176,B,Word Cut,dp
175,C,Geometry Horse,"greedy, implementation, sortings, two pointers"
172,D,Calendar Reform,"*special, number theory"
172,C,Bus,"*special, implementation, sortings"
171,H,A polyline,"*special, implementation"
171,G,Mysterious numbers - 2,*special
171,F,ucyhf,"*special, brute force, implementation, number theory"
168,B,Wizards and Minimal Spell,"implementation, strings"
167,A,Wizards and Trolleybuses,"implementation, math"
166,E,Tetrahedron,"dp, math, matrices"
166,C,Median,"greedy, math, sortings"
165,C,Another Problem on Strings,"binary search, brute force, dp, math, strings, two pointers"
165,B,Burning Midnight Oil,"binary search, implementation"
164,A,"Variable, or There and Back Again","dfs and similar, graphs"
163,A,Substring and Subsequence,dp
161,B,Discounts,"constructive algorithms, greedy, sortings"
160,C,Find Pair,"implementation, math, sortings"
159,E,Zebra Tower,"*special, data structures, greedy, sortings"
159,D,Palindrome pairs,"*special, brute force, dp, strings"
156,B,Suspects,"constructive algorithms, data structures, implementation"
156,A,Message,brute force
154,B,Colliders,"math, number theory"
154,A,Hometask,greedy
153,A,A + B,*special
150,B,Quantity of Strings,"combinatorics, dfs and similar, graphs, math"
149,C,Division into Teams,"greedy, math, sortings"
149,B,Martian Clock,implementation
148,C,Terse princess,"constructive algorithms, greedy"
148,B,Escape,"implementation, math"
144,C,Anagram Search,"implementation, strings"
142,A,Help Farmer,"brute force, math"
140,A,New Year Table,"geometry, math"
139,B,Wallpaper,"implementation, math"
138,A,Literature Lesson,implementation
137,C,History,sortings
135,B,Rectangle and Square,"brute force, geometry, math"
131,E,Yet Another Task with Queens,sortings
131,D,Subway,"dfs and similar, graphs"
130,H,Balanced brackets,*special
130,G,CAPS LOCK ON,*special
130,F,Prime factorization,*special
130,E,Tribonacci numbers,*special
130,D,Exponentiation,*special
130,C,Decimal sum,*special
128,A,Statues,dfs and similar
126,B,Password,"binary search, dp, hashing, string suffix structures, strings"
125,C,Hobbits' Party,"constructive algorithms, greedy"
121,B,Lucky Transformation,strings
118,D,Caesar's Legions,dp
115,B,Lawnmower,"greedy, sortings"
114,B,PFAST Inc.,"bitmasks, brute force, graphs"
113,A,Grammar Lessons,"implementation, strings"
107,B,Basketball Team,"combinatorics, dp, math, probabilities"
106,D,Treasure Island,"brute force, implementation"
106,C,Buns,dp
105,A,Transmigration,implementation
103,B,Cthulhu,"dfs and similar, dsu, graphs"
101,B,Buses,"binary search, data structures, dp"
100,I,Rotation,"*special, geometry, math"
100,E,Lamps in a Line,"*special, math"
100,D,World of Mouth,"*special, strings"
100,B,Friendly Numbers,"*special, implementation"
98,A,Help Victoria the Wise,"brute force, implementation"
95,A,Hockey,"implementation, strings"
93,A,Frames,implementation
91,B,Queue,"binary search, data structures"
91,A,Newspaper Headline,"greedy, strings"
88,B,Keyboard,implementation
87,A,Trains,"implementation, math"
86,A,Reflection,math
84,C,Biathlon,"binary search, implementation"
82,B,Sets,"constructive algorithms, hashing, implementation"
81,C,Average Score,"greedy, math, sortings"
81,B,Sequence Formatting,"implementation, strings"
76,E,Points,"implementation, math"
76,D,Plus and xor,"dp, greedy, math"
75,C,Modified GCD,"binary search, number theory"
75,B,Facetook Priority Wall,"expression parsing, implementation, strings"
74,B,Train,"dp, games, greedy"
73,A,The Elder Trolls IV: Oblivon,"greedy, math"
72,I,Goofy Numbers,"*special, implementation"
72,H,Reverse It!,"*special, implementation"
71,C,Round Table Knights,"dp, math, number theory"
70,B,Text Messaging,"expression parsing, greedy, strings"
68,B,Energy exchange,binary search
66,D,Petya and His Friends,"constructive algorithms, math, number theory"
65,B,Harry Potter and the History of Magic,"brute force, greedy, implementation"
64,C,Table,"*special, greedy, implementation, math"
64,B,Expression,"*special, expression parsing"
63,C,Bulls and Cows,"brute force, implementation"
59,C,Title,expression parsing
57,B,Martian Architecture,implementation
56,C,Corporation Mail,"data structures, expression parsing, implementation"
55,B,Smallest number,brute force
53,D,Physical Education,sortings
53,B,Blog Photo,"binary search, implementation"
52,B,Right Triangles,combinatorics
51,B,bHTML Tables Analisys,expression parsing
50,B,Choosing Symbol Pairs,strings
49,C,Disposition,"constructive algorithms, math"
49,B,Sum,math
48,D,Permutations,greedy
46,C,Hamsters and Tigers,two pointers
44,H,Phone Number,dp
44,B,Cola,implementation
42,B,Game of chess unfinished,implementation
40,B,Repaintings,math
39,J,Spelling Check,"hashing, implementation, strings"
36,B,Fractal,implementation
35,D,Animals,"dp, greedy"
35,C,Fire Again,"brute force, dfs and similar, shortest paths"
35,B,Warehouse,implementation
34,D,Road Map,"dfs and similar, graphs"
32,D,Constellation,implementation
32,C,Flea,math
31,C,Schedule,implementation
31,B,Sysadmin Bob,"greedy, implementation, strings"
30,B,Codeforces World Finals,implementation
29,C,Mail Stamps,"data structures, dfs and similar, graphs, implementation"
29,B,Traffic Lights,implementation
28,B,pSort,"dfs and similar, dsu, graphs"
28,A,Bender Problem,implementation
24,B,F1 Champions,implementation
23,B,Party,"constructive algorithms, graphs, math"
22,C,System Administrator,graphs
22,B,Bargaining Table,"brute force, dp"
20,A,BerOS file system,implementation
18,B,Platforms,"brute force, math"
18,A,Triangle,"brute force, geometry"
17,B,Hierarchy,"dfs and similar, dsu, greedy, shortest paths"
14,C,Four Segments,"brute force, constructive algorithms, geometry, implementation, math"
11,B,Jumping Jack,math
10,B,Cinema Cashier,"dp, implementation"
7,B,Memory Manager,implementation
4,D,Mysterious Present,"dp, sortings"
2,A,Winner,"hashing, implementation"
1,B,Spreadsheet,"implementation, math"
