Handle,Max Rating
suvanshmahajan2001,1300
chauhan_ayush,1221
dada22,1217
fuckthisworld_69,1363
gudhi987,1206
ovi_poddar,1399
shiv02,1304
vandana_pekala,1238
HoangMC2009,1230
VaibhavG_999,1219
swastikpratik,1221
talha_iiita,1713
techy_bear,1311
Arnob32,1391
Gigi11235,1411
akshatbhutra,1434
armaan_pant8,1214
raftaarx,1295
rubiroid,1327
unimpossibler,1425
Anik_MBSTU,1435
SomeGuyTookMyHandleToo,1434
code_freakkk,1219
venkateshaprabhu,1246
AbhinavJain1712,1363
Ahmed.Fouad,1217
Dan1stJan,1362
sattu_24,1217
sg0310461,1401
-Revenge,1205
Dream-On,1301
anurag2121,1226
darkStar369,1368
sayedmostafa,1223
troy1stdan,1205
Goalie371,1572
Nare,1371
yoshimaka,1207
Daniel180610,1223
-98iq,1382
ER3N_Yager,1223
Irteja,1375
_One_Two_,1399
_man_ager_,1294
kanimet,1236
miss.progga,1379
mustakcsecuet,1418
ppower005,1328
shikhar_8935,1201
Mariya_S.F.,1244
Valera,1391
janus_5460,1282
nukotz,1366
pcruiher08,1411
Ratul23,1384
SGrade,1224
abc78645,1218
woxingqiye,1266
LipatJob,1370
Loner_Knowledge,1475
Raghav9352,1384
vfix,1395
Vi_neet_to_prevail,1357
rahaf_usama,1236
DoLamMinhKhoi,1209
Mugiwara_no_luffy1101,1263
Shohanur_042,1224
SrvstvRajat,1399
rushi_026,1366
Black_ShadowX,1427
Usb-C,1426
HashiraFlame,1235
SanjidaAhmed,1409
aasill,1202
baitfr,1268
imstark007,1422
leganim,1217
wyfryj210414,1385
GeorgeBur,1367
anujg12911,1392
since1998,1391
Divya_747,1207
NFPRANTA,1368
Atulyagupta,1223
Dergo,1374
Ir0nic_Joker,1250
VTN_21,1413
_MUSAFIR_,1213
brebenel_mihnea,1287
Jaidhunibavsi,1378
aye_kash,1299
dmitry1205,1264
zhangsiyuan-21537126,1252
Avinvini,1453
Rexomnia,1202
juneh0324,1385
ND0322,1213
tomaso,1712
virtual1008,1215
MD_Abir,1378
MITMAX,1261
Mohsina_Shaikh,1369
Tan10,1244
ZzzzH777,1460
__MunnaBhai__,1243
muratmurat,1376
shivam_sm09,1369
yogesh9535,1477
IMON193066,1213
chrisTris,1289
ninja_satyam,1506
revanth9,1462
uju,1400
CP_Sucks,1578
Showgo178,1459
rajnavin23,1201
ruokay69,1270
stillirise27iitism,1233
doctour,1214
190106012,1298
ans2117,1215
gautamGottipati,1385
harshvb20,1359
hunterbd,1394
neonative.am,1210
parzival81,1291
Mahmoud_Abd_El_Salam,1403
pra_njal,1235
Abdur_Rahman_Russel,1246
Abu138254,1366
Atul_raj,1357
RI3C,1409
TalkeLakee,1252
kolluruvarun999,1208
Linzhixuan,1225
KraVLonE,1226
Manoj07,1372
kotakpawan,1389
mamun_cseian,1371
NIGHTKING_291,1380
insidious_2212,1322
kang111,1258
priyanshusrivastava49,1244
ANON7MOUS,1230
Gondal,1214
ashueep,1379
jonatas_azevedo400,1211
kuhmbak,1396
pg_15,1363
ronit_raj,1212
up11rana,1228
codeymody_21,1237
shashankp10,1212
udeshyaraj,1209
2120_nova,1244
EVER_CURIOUS,1383
Yvecca,1381
joshuagatizz,1379
mahirfaisal154,1379
bcdd,1355
mmislam,1367
Cosmo_,1234
bugmenot,1379
yashwant6123,1201
Devanshu.Sharma,1310
IshtiaqMahin,1214
SHASHWHAT,1421
karval,1264
sanjeevkumarray1,1285
Darpan_10,1233
Xenon01,1368
shehabshehab007,1385
trion_leninster,1244
Khoas,1251
alejandro.gy96,1368
hsuya-11,1466
iamnotmachine,1367
jinang17,1315
ram,1284
Curly_Brace,1385
STUNZZ333,1283
SiddheshDhinge,1288
Aryan285,1201
Glokelov,1211
parwez0786,1253
anirudh589,1398
faiyaz_67,1394
leo25,1376
Quit_cp17,1376
Shubham071,1217
abhi_force,1231
rsFalse,1750
Faria218,1369
NineT8,1369
cushion44,1333
dtcf_1025,1274
to_err_is_human,1394
AzamatRustamov,1288
gaurvb123,1284
Makshudul,1375
relax_1,1218
arun_kr,1245
mehdidamascus,1436
vanumdaniel7,1208
SoulXrundel,1377
the__smasher,1412
BonuSree_Datta,1369
SeineAle,1208
Z_ZZ,1478
Zenocr735,1223
AlifImran,1374
AnubhavPaul,1408
errorsolver,1244
propashii,1544
SMAUSM,1215
Tushant_8826,1363
9inai,1365
koonxx,1205
Vjansh,1390
fadi1715,1388
piyush898,1386
rodrigoara27,1374
Golden9,1248
coris,1203
ham05,1233
prower,1277
wi7ard,1372
sleepingkangroo,1222
Abhinav_Yadav,1259
goldenqueen,1269
ktranowl,1297
v_mittal,1222
Garvit_Goyal,1244
nguyendu392,1397
tnow52619,1288
Hasin123,1224
Loop_Troops,1214
Mridul360,1204
okmy2006,1295
perec1970,1501
shadman85,1366
d1tog,1355
h.sakamoto,1223
purukok12,1388
Liu_Xuanyao,1406
lOthBroK286,1310
KKKK_KKK,1242
Mizbah01,1366
Originator,1386
anujnaruka02,1256
rajat_sinha,1224
rajat_1503,1329
vinayravi064,1229
wassim1993,1395
AliAbdallah,1461
Resonce,1221
anuj_aj_12,1271
abhinav_mishra,1267
AH_Tonmoy,1373
I-kn0W-N0thing,1226
Timestamp,1326
hilbert12,1532
indra001,1216
AhmedMostafaNobi,1373
hkb_yadav,1208
mannahihuawarnaphoddeta,1214
ziya_9,1208
v3n0m_24,1386
-SingleTon-,1356
Avlek,1437
R.Shuvo,1305
aaamiiiiii,1402
gn25,1485
Avi_8010,1232
SyedaGulnaj,1389
rudra_black,1247
S_R_Rumi,1386
propransh,1399
Harry_Potter,1353
Shreshthajit,1384
shashankchdhry,1394
Uchiha...,1435
Boris_Yakunin,1299
Keshri_123,1361
Tasneem_Sakif,1373
endy.jams,1380
m_adil,1251
sujan_roy24,1376
MohammadAmjad,1385
chiefzhantr,1209
pvee,1258
OmarSaber,1735
brokencoder,1222
imran5740,1371
Z0ZZ,1313
MUNISJONI_KHURSHEDJON,1394
adityashivamsingh03,1207
sharuijie,1379
Xishal,1201
Bot_guy,1298
chandubaba,1409
mosleini,1380
theviper,1237
DestroyLonely,1364
dhruvbhimani2512,1409
Arup_43,1382
ZZRnanjing,1371
harahman,1211
iamsk,1403
Darshansinghbisht,1311
_peacock,1432
ceamin_cste,1389
Konchi_Babaa__,1271
srn,1495
Dangenmaster2,1369
MDSHAD,1370
bdsumon4u,1390
WallHero,1385
_DON_,1241
Sweat_TiT,1436
IHSAN_NAHID,1370
Nesta,1377
azizbekmuminov_1,1401
Joey18,1217
Ftayri,1370
Avknih,1297
ntat000,1221
tonu_11,1364
code_zerro,1422
catastros_64,1418
omkar.biranje,1368
trubor,1511
swapnil2597,1392
def_xyz,1259
I_lOVE_ROMAN,1399
Aldijohn,1413
Cheerio2021,1506
MarcoEmad,1367
DA_ARYA,1369
Jaiderbr,1260
HelloFromUnknown,1248
Prycom,1367
DanGaL2017,1481
Nazmun_Naher,1357
newmanincf,1270
TriedmyMax,1271
emam_hossain_easin,1364
phantomphoton_,1419
Chal1k,1209
manohar_9,1404
pakhandi98,1374
zenovas49,1369
lammim,1362
sacalgo,1238
amir.wpf,1415
fastybanno,1228
4632_Was__Chapter,1371
Akshat_2901,1223
abhiireddy,1379
vedang10,1231
SaimaJST,1372
laboni_ansary,1415
parametername,1482
3EBD5EF,1386
Soumya_2k01,1217
Jaf107,1368
ABU_EL_NAR,1378
Bispo,1395
Naeem118,1390
PlabonDibra,1374
Siriuslight,1661
Ernar17,1502
Reaz_Uddin,1370
prince693,1396
yusiffff-ehabbbb,1217
lrbn,1371
Iizy,1371
gyan_p_t,1377
3abd,1235
Blllue,1372
Master_Sahil,1307
UnclePodger,1336
ankitesh,1249
ethico,1380
TO_GOOD_LIFE,1371
JAHID6597,1374
d0tb0t,1374
froggy445,1427
elistark,1423
hari_0oom,1259
LiaoJingyi,1648
Rurouni,1366
hkrai1372,1253
dinospecs,1307
sk_rakib,1368
LEGITCODER,1257
artistakshay,1254
-ashu,1226
vinay.sharmaogs,1379
Mr.Bongchie,1214
TAMANNA_,1398
avijit_mbstu,1364
kuspia,1369
Ikti55,1375
Code_Mastermind,1369
GarbageValue,1402
keso.chelidze,1365
manasvi.jangid,1379
Ryd,1407
debug,1442
firesale,1389
temporary_wheezie,1307
tamimwasif,1380
vikrantprasad5,1204
SDV,1367
agresivebdfighter,1371
batoolzain077,1370
uhtred,1412
Ruban_Denic,1442
ProBwa,1373
Emon_cste14,1375
ehsanul.karim.talha,1377
umme_habiba16,1436
pratik_kulkarni,1369
CKaps,1379
Best,1306
IIIT2021263,1201
MesutOzil,1365
agw02010,1373
keep__silence,1245
shrey27tri01,1376
AyeshaAfroze,1369
AmySan,1391
psychewolf,1403
ShihabZzz,1372
shinigaami,1371
CodeTyper,1364
aviiibooks,1377
Ax8,1369
psych_1,1248
ELYAHYAOUY,1375
luther69,1373
shimu07,1367
Cool_calm,1218
shahriad50,1371
The_Dragon_Warrior,1420
Linneal,1205
Naruto_H,1368
Beku.sh,1375
BLACKBULLET,1367
drifter_kabir,1575
m_D_luffy,1396
kallu_kakulu_dengey,1390
Lun76,1207
J-K,1371
christian02182,1363
singhshanu51,1371
vanshu05,1238
AbDhrubo,1379
MRashedz,1366
ansergeyg,1388
Gyarados,1222
Mina.Jmsh,1387
Rafael,1376
hoseingh.elahi,1414
Rayhan008,1379
mehedi132,1369
LoneWolf17,1383
Sam121,1366
mannaemam,1387
Crying_Simba,1364
undefinedderivativE,1394
_Seeker__,1364
Maitri_Maniya,1364
krann,1372
MRZN_SNTO,1368
taj_uddin,1371
kill,1377
dusht0814,1463
osk09876,1367
takrim,1378
Rahulstark2,1286
kakarrot_ui,1364
ankur97,1379
Samarthi,1365
Tanvir__Sakil,1389
shawon,1372
srinivaspavan05,1396
sumit_king,1366
Mozaddid_babar,1369
Peash,1364
akifahmed90,1364
samyakj2,1232
Sapoyev__Nazarbek,1376
Faim,1369
AKGP,1399
isaba09,1412
Dukkha,2180
puja,1371
ekatva_2,1293
